date,available_cash,pending_cash,locked_capital,open_positions,equity
2025-04-01,300000.00000000,0.00000000,0.00000000,0,300000.00000000
2025-04-02,1528.57553540,0.00000000,298471.42446460,1,300000.00000000
2025-04-03,1528.57553540,270386.16108040,0.00000000,0,271914.73661580
2025-04-04,1343.56520955,256785.57022305,0.00000000,0,258129.13543260
2025-04-07,115.60049232,252600.41097936,0.00000000,0,252716.01147168
2025-04-08,64.39602009,0.00000000,252651.61545159,1,252716.01147168
2025-04-09,64.39602009,241117.36289364,0.00000000,0,241181.75891373
2025-04-10,332.31695843,233390.33473620,0.00000000,0,233722.65169463
2025-04-11,535.74376719,0.00000000,233186.90792744,1,233722.65169463
2025-04-14,535.74376719,244764.87369592,0.00000000,0,245300.61746311
2025-04-15,826.88977240,0.00000000,244473.72769071,1,245300.61746311
2025-04-16,826.88977240,239656.56253471,0.00000000,0,240483.45230711
2025-04-17,534.04641623,0.00000000,239949.40589088,1,240483.45230711
2025-04-18,534.04641623,250823.55695250,0.00000000,0,251357.60336873
2025-04-21,407.74307713,0.00000000,250949.86029160,1,251357.60336873
2025-04-22,407.74307713,244656.69021940,0.00000000,0,245064.43329653
2025-04-23,226.08850774,0.00000000,244838.34478879,1,245064.43329653
2025-04-24,226.08850774,247931.96930415,0.00000000,0,248158.05781189
2025-04-25,108.77897257,0.00000000,248049.27883932,1,248158.05781189
2025-04-28,108.77897257,250761.52359755,0.00000000,0,250870.30257012
2025-04-30,230.25119092,0.00000000,250640.05137920,1,250870.30257012
2025-05-01,230.25119092,242877.72899200,0.00000000,0,243107.98018292
2025-05-02,39.10391812,0.00000000,243068.87626480,1,243107.98018292
2025-05-07,39.10391812,251681.21797110,0.00000000,0,251720.32188922
2025-05-08,140.69830458,0.00000000,251579.62358464,1,251720.32188922
2025-05-09,140.69830458,255938.19452400,0.00000000,0,256078.89282858
2025-05-12,6.99730578,0.00000000,256071.89552280,1,256078.89282858
2025-05-13,6.99730578,249683.22343396,0.00000000,0,249690.22073974
2025-05-14,112.02107086,0.00000000,249578.19966888,1,249690.22073974
2025-05-15,112.02107086,250246.28109744,0.00000000,0,250358.30216830
2025-05-16,250358.30216830,0.00000000,0.00000000,0,250358.30216830
2025-05-19,611.30404963,0.00000000,249746.99811867,1,250358.30216830
2025-05-20,611.30404963,248746.72394955,0.00000000,0,249358.02799918
2025-05-21,241.22481274,0.00000000,249116.80318644,1,249358.02799918
2025-05-22,241.22481274,248681.18856084,0.00000000,0,248922.41337358
2025-05-23,203.88042982,0.00000000,248718.53294376,1,248922.41337358
2025-05-26,203.88042982,246613.48429221,0.00000000,0,246817.36472203
2025-05-27,246817.36472203,0.00000000,0.00000000,0,246817.36472203
2025-05-28,182.84637223,0.00000000,246634.51834980,1,246817.36472203
2025-05-29,182.84637223,256606.77416220,0.00000000,0,256789.62053443
2025-05-30,265.36323139,0.00000000,256524.25730304,1,256789.62053443
2025-06-02,265.36323139,253588.91123648,0.00000000,0,253854.27446787
2025-06-03,1407.72368100,0.00000000,252446.55078687,1,253854.27446787
2025-06-04,1407.72368100,250775.65646992,0.00000000,0,252183.38015092
2025-06-05,344.59104762,0.00000000,251838.78910330,1,252183.38015092
2025-06-06,344.59104762,250787.56372341,0.00000000,0,251132.15477103
2025-06-09,615.17329800,0.00000000,250516.98147303,1,251132.15477103
2025-06-10,615.17329800,253518.27081777,0.00000000,0,254133.44411577
2025-06-11,1370.16137912,0.00000000,252763.28273665,1,254133.44411577
2025-06-12,1370.16137912,252418.84195542,0.00000000,0,253789.00333454
2025-06-13,188.14843750,0.00000000,253600.85489704,1,253789.00333454
2025-06-16,188.14843750,250742.00140552,0.00000000,0,250930.14984302
2025-06-17,1854.66362786,0.00000000,249075.48621516,1,250930.14984302
2025-06-18,1854.66362786,249436.43860476,0.00000000,0,251291.10223262
2025-06-19,938.95039646,0.00000000,250352.15183616,1,251291.10223262
2025-06-20,938.95039646,249755.41807788,0.00000000,0,250694.36847434
2025-06-23,260.30902030,0.00000000,250434.05945404,1,250694.36847434
2025-06-24,260.30902030,244510.43201739,0.00000000,0,244770.74103769
2025-06-25,614.32335889,0.00000000,244156.41767880,1,244770.74103769
2025-06-26,614.32335889,244075.57981600,0.00000000,0,244689.90317489
2025-06-27,11.74165957,0.00000000,244678.16151532,1,244689.90317489
2025-06-30,11.74165957,247205.65882116,0.00000000,0,247217.40048073
2025-07-01,23070.17648073,0.00000000,224147.22400000,1,247217.40048073
2025-07-02,23070.17648073,217774.64800000,0.00000000,0,240844.82448073
2025-07-03,1471.91817823,0.00000000,239372.90630250,1,240844.82448073
2025-07-04,1471.91817823,243518.55154000,0.00000000,0,244990.46971823
2025-07-07,742.91156551,0.00000000,244247.55815272,1,244990.46971823
2025-07-08,742.91156551,243025.01934584,0.00000000,0,243767.93091135
2025-07-09,565.06293020,0.00000000,243202.86798115,1,243767.93091135
2025-07-10,565.06293020,242136.32058161,0.00000000,0,242701.38351181
2025-07-11,304.85080081,0.00000000,242396.53271100,1,242701.38351181
2025-07-14,304.85080081,242251.14318210,0.00000000,0,242555.99398291
2025-07-15,293.33698291,0.00000000,242262.65700000,1,242555.99398291
2025-07-16,293.33698291,243646.88400000,0.00000000,0,243940.22098291
2025-07-17,20.52171945,0.00000000,243919.69926346,1,243940.22098291
2025-07-18,20.52171945,242360.73203003,0.00000000,0,242381.25374948
2025-07-22,971.49309938,0.00000000,241409.76065010,1,242381.25374948
2025-07-23,971.49309938,255453.41739330,0.00000000,0,256424.91049268
2025-07-24,17153.15049268,0.00000000,239271.76000000,1,256424.91049268
2025-07-25,17153.15049268,236009.17600000,0.00000000,0,253162.32649268
2025-07-28,283.46098628,0.00000000,252878.86550640,1,253162.32649268
2025-07-29,283.46098628,255172.92905664,0.00000000,0,255456.39004292
2025-07-30,79.80676004,0.00000000,255376.58328288,1,255456.39004292
2025-07-31,79.80676004,258599.71345500,0.00000000,0,258679.52021504
2025-08-01,743.08552064,0.00000000,257936.43469440,1,258679.52021504
2025-08-04,743.08552064,253411.97996016,0.00000000,0,254155.06548080
2025-08-05,371.42105328,0.00000000,253783.64442752,1,254155.06548080
2025-08-06,371.42105328,257033.78859904,0.00000000,0,257405.20965232
2025-08-07,103.09674532,0.00000000,257302.11290700,1,257405.20965232
2025-08-08,103.09674532,268036.79272976,0.00000000,0,268139.88947508
2025-08-12,181.50862132,0.00000000,267958.38085376,1,268139.88947508
2025-08-13,181.50862132,275159.17747456,0.00000000,0,275340.68609588
2025-08-14,299.80302893,0.00000000,275040.88306695,1,275340.68609588
2025-08-15,299.80302893,273864.09144402,0.00000000,0,274163.89447295
2025-08-18,1133.71346015,0.00000000,273030.18101280,1,274163.89447295
2025-08-19,1133.71346015,261267.41656680,0.00000000,0,262401.13002695
2025-08-20,6244.30602695,0.00000000,256156.82400000,1,262401.13002695
2025-08-21,6244.30602695,249205.21600000,0.00000000,0,255449.52202695
2025-08-22,350.99778623,0.00000000,255098.52424072,1,255449.52202695
2025-08-25,350.99778623,248613.89357255,0.00000000,0,248964.89135878
2025-08-26,233.84762623,0.00000000,248731.04373255,1,248964.89135878
2025-08-27,233.84762623,250605.29993955,0.00000000,0,250839.14756578
2025-08-28,92.42490270,0.00000000,250746.72266308,1,250839.14756578
2025-08-29,92.42490270,253287.30545936,0.00000000,0,253379.73036206
2025-09-01,423.17556662,0.00000000,252956.55479544,1,253379.73036206
2025-09-02,423.17556662,259096.20923816,0.00000000,0,259519.38480478
2025-09-03,487.47052988,0.00000000,259031.91427490,1,259519.38480478
2025-09-04,487.47052988,260106.83375393,0.00000000,0,260594.30428381
2025-09-05,485.39330014,0.00000000,260108.91098367,1,260594.30428381
2025-09-08,485.39330014,262885.97992349,0.00000000,0,263371.37322363
2025-09-09,2024.53227061,0.00000000,261346.84095302,1,263371.37322363
2025-09-10,2024.53227061,265068.04019778,0.00000000,0,267092.57246839
2025-09-11,1804.55146724,0.00000000,265288.02100115,1,267092.57246839
2025-09-12,1804.55146724,263288.53002116,0.00000000,0,265093.08148840
2025-09-16,8.96657992,0.00000000,265084.11490848,1,265093.08148840
2025-09-17,8.96657992,266904.55743696,0.00000000,0,266913.52401688
2025-09-18,392.27144788,0.00000000,266521.25256900,1,266913.52401688
2025-09-19,392.27144788,263830.66591700,0.00000000,0,264222.93736488
2025-09-22,698.68929486,0.00000000,263524.24807002,1,264222.93736488
2025-09-24,698.68929486,271469.75765616,0.00000000,0,272168.44695102
2025-09-25,56.31924670,0.00000000,272112.12770432,1,272168.44695102
2025-09-26,56.31924670,276099.33137760,0.00000000,0,276155.65062430
2025-09-29,116.85152932,267489.87748830,0.00000000,0,267606.72901762
2025-09-30,267606.72901762,0.00000000,0.00000000,0,267606.72901762
2025-10-01,281.21749858,0.00000000,267325.51151904,1,267606.72901762
2025-10-02,281.21749858,266674.78776412,0.00000000,0,266956.00526270
2025-10-03,476.06971070,0.00000000,266479.93555200,1,266956.00526270
2025-10-06,476.06971070,272617.60423800,0.00000000,0,273093.67394870
2025-10-07,51.15185104,0.00000000,273042.52209766,1,273093.67394870
2025-10-08,51.15185104,275206.61703430,0.00000000,0,275257.76888534
2025-10-09,65.61110734,0.00000000,275192.15777800,1,275257.76888534
2025-10-10,65.61110734,274130.08484775,0.00000000,0,274195.69595509
2025-10-14,333.79186318,0.00000000,273861.90409191,1,274195.69595509
2025-10-15,333.79186318,277469.06181582,0.00000000,0,277802.85367900
2025-10-16,1552.97746082,0.00000000,276249.87621818,1,277802.85367900
2025-10-17,1552.97746082,267168.56951744,0.00000000,0,268721.54697826
2025-10-20,365.98135185,0.00000000,268355.56562641,1,268721.54697826
2025-10-21,365.98135185,273529.21580589,0.00000000,0,273895.19715774
2025-10-22,1928.62308195,0.00000000,271966.57407579,1,273895.19715774
2025-10-23,1928.62308195,268420.72427599,0.00000000,0,270349.34735794
2025-10-24,587.16185667,0.00000000,269762.18550127,1,270349.34735794
2025-10-27,587.16185667,274083.25828257,0.00000000,0,274670.42013924
2025-10-28,321.23435964,0.00000000,274349.18577960,1,274670.42013924
2025-10-29,321.23435964,275149.83970041,0.00000000,0,275471.07406005
2025-10-30,598.26301111,0.00000000,274872.81104894,1,275471.07406005
2025-10-31,598.26301111,278836.64958576,0.00000000,0,279434.91259687
2025-11-04,209.91606417,0.00000000,279224.99653270,1,279434.91259687
2025-11-05,209.91606417,270577.39839010,0.00000000,0,270787.31445427
2025-11-06,804.86822991,0.00000000,269982.44622436,1,270787.31445427
2025-11-07,804.86822991,271843.34269124,0.00000000,0,272648.21092115
2025-11-10,504.96328174,0.00000000,272143.24763941,1,272648.21092115
2025-11-11,504.96328174,270987.80889985,0.00000000,0,271492.77218159
2025-11-12,136.75282454,0.00000000,271356.01935705,1,271492.77218159
2025-11-13,136.75282454,268170.10519383,0.00000000,0,268306.85801837
2025-11-14,1783.73911885,0.00000000,266523.11889952,1,268306.85801837
2025-11-17,1783.73911885,266582.97766912,0.00000000,0,268366.71678797
2025-11-18,12449.96478797,242877.79348560,0.00000000,0,255327.75827357
2025-11-19,566.21094653,0.00000000,254761.54732704,1,255327.75827357
2025-11-20,566.21094653,256846.98186576,0.00000000,0,257413.19281229
2025-11-21,822.60028349,0.00000000,256590.59252880,1,257413.19281229
2025-11-25,822.60028349,255429.08375190,0.00000000,0,256251.68403539
2025-11-26,708.83823815,0.00000000,255542.84579724,1,256251.68403539
2025-11-27,708.83823815,254397.76494463,0.00000000,0,255106.60318278
2025-11-28,804.26264758,0.00000000,254302.34053520,1,255106.60318278
2025-12-01,804.26264758,255389.56381204,0.00000000,0,256193.82645962
2025-12-02,4958.47845962,0.00000000,251235.34800000,1,256193.82645962
2025-12-03,4958.47845962,254323.68000000,0.00000000,0,259282.15845962
2025-12-04,9.65593721,0.00000000,259272.50252241,1,259282.15845962
2025-12-05,9.65593721,264735.67920969,0.00000000,0,264745.33514690
2025-12-08,858.03587562,0.00000000,263887.29927128,1,264745.33514690
2025-12-09,858.03587562,265076.44050760,0.00000000,0,265934.47638322
2025-12-10,1417.56364622,0.00000000,264516.91273700,1,265934.47638322
2025-12-11,1417.56364622,263117.36434500,0.00000000,0,264534.92799122
2025-12-12,147.11772309,0.00000000,264387.81026813,1,264534.92799122
2025-12-15,147.11772309,264740.27985248,0.00000000,0,264887.39757557
2025-12-16,626.84261552,0.00000000,264260.55496005,1,264887.39757557
2025-12-17,626.84261552,258072.06045935,0.00000000,0,258698.90307487
2025-12-18,46.28650987,0.00000000,258652.61656500,1,258698.90307487
2025-12-19,46.28650987,258497.48851500,0.00000000,0,258543.77502487
2025-12-22,153.22217662,0.00000000,258390.55284825,1,258543.77502487
2025-12-23,153.22217662,256713.79356135,0.00000000,0,256867.01573797
2025-12-24,449.54217429,0.00000000,256417.47356368,1,256867.01573797
2025-12-25,449.54217429,253458.24244312,0.00000000,0,253907.78461741
2025-12-26,324.96095653,0.00000000,253582.82366088,1,253907.78461741
2025-12-29,324.96095653,254998.08186832,0.00000000,0,255323.04282485
2025-12-30,156.75763013,0.00000000,255166.28519472,1,255323.04282485
2026-01-05,156.75763013,257562.80647998,0.00000000,0,257719.56411011
2026-01-06,802.78198427,0.00000000,256916.78212584,1,257719.56411011
2026-01-07,802.78198427,256537.46097912,0.00000000,0,257340.24296339
2026-01-08,96.85109639,0.00000000,257243.39186700,1,257340.24296339
2026-01-09,96.85109639,258062.33390850,0.00000000,0,258159.18500489
2026-01-13,2485.68653629,0.00000000,255673.49846860,1,258159.18500489
2026-01-14,2485.68653629,268333.41746830,0.00000000,0,270819.10400459
2026-01-15,270819.10400459,0.00000000,0.00000000,0,270819.10400459
2026-01-16,1728.37019583,0.00000000,269090.73380876,1,270819.10400459
2026-01-19,1728.37019583,266492.72350428,0.00000000,0,268221.09370011
2026-01-20,529.98660095,0.00000000,267691.10709916,1,268221.09370011
2026-01-21,529.98660095,255527.97875816,0.00000000,0,256057.96535911
2026-01-22,146.17237303,0.00000000,255911.79298608,1,256057.96535911
2026-01-23,146.17237303,250015.20193368,0.00000000,0,250161.37430671
2026-01-26,118.11817591,0.00000000,250043.25613080,1,250161.37430671
2026-01-27,118.11817591,246244.01445042,0.00000000,0,246362.13262633
2026-01-28,436.86512633,0.00000000,245925.26750000,1,246362.13262633
2026-01-29,436.86512633,250618.22458800,0.00000000,0,251055.08971433
2026-01-30,2306.13916423,0.00000000,248748.95055010,1,251055.08971433
2026-02-02,2306.13916423,244939.93029597,0.00000000,0,247246.06946020
2026-02-03,1194.27773860,0.00000000,246051.79172160,1,247246.06946020
2026-02-04,1194.27773860,260129.28154752,0.00000000,0,261323.55928612
2026-02-05,460.35049756,247572.22830078,0.00000000,0,248032.57879834
2026-02-06,9511.04379834,0.00000000,238521.53500000,1,248032.57879834
2026-02-09,9511.04379834,266969.88500000,0.00000000,0,276480.92879834
2026-02-10,1998.60879834,0.00000000,274482.32000000,1,276480.92879834
2026-02-12,1998.60879834,280165.92500000,0.00000000,0,282164.53379834
2026-02-13,6831.95879834,0.00000000,275332.57500000,1,282164.53379834
2026-02-16,6831.95879834,271968.38500000,0.00000000,0,278800.34379834
2026-02-17,6618.71379834,0.00000000,272181.63000000,1,278800.34379834
2026-02-18,6618.71379834,274817.53000000,0.00000000,0,281436.24379834
2026-02-19,281436.24379834,0.00000000,0.00000000,0,281436.24379834
2026-02-20,1181.26090368,0.00000000,280254.98289466,1,281436.24379834
2026-02-24,1181.26090368,278841.19607230,0.00000000,0,280022.45697598
2026-02-25,228.12597466,0.00000000,279794.33100132,1,280022.45697598
2026-02-26,228.12597466,277369.86782794,0.00000000,0,277597.99380260
2026-02-27,507.03427320,0.00000000,277090.95952940,1,277597.99380260
2026-03-02,507.03427320,295897.44460702,0.00000000,0,296404.47888022
2026-03-03,1451.43648553,0.00000000,294953.04239469,1,296404.47888022
2026-03-04,1451.43648553,279925.18488454,0.00000000,0,281376.62137007
2026-03-05,1175.19825287,0.00000000,280201.42311720,1,281376.62137007
2026-03-06,1175.19825287,281512.58338112,0.00000000,0,282687.78163399
2026-03-09,385.88834662,0.00000000,282301.89328737,1,282687.78163399
2026-03-10,385.88834662,290648.63971410,0.00000000,0,291034.52806072
2026-03-11,38908.91306072,0.00000000,252125.61500000,1,291034.52806072
2026-03-12,38908.91306072,247225.81000000,0.00000000,0,286134.72306072
2026-03-13,1198.47998504,0.00000000,284936.24307568,1,286134.72306072
2026-03-16,1198.47998504,289379.56632816,0.00000000,0,290578.04631320
2026-03-17,46154.74131320,0.00000000,244423.30500000,1,290578.04631320
2026-03-18,46154.74131320,254173.72500000,0.00000000,0,300328.46631320
2026-03-19,1176.22450670,0.00000000,299152.24180650,1,300328.46631320
2026-03-23,1176.22450670,283910.43508362,0.00000000,0,285086.65959032
2026-03-24,936.04700860,0.00000000,284150.61258172,1,285086.65959032
2026-03-25,936.04700860,285282.82367489,0.00000000,0,286218.87068349
2026-03-26,540.29692755,0.00000000,285678.57375594,1,286218.87068349
2026-03-27,540.29692755,291917.39850000,0.00000000,0,292457.69542755
2026-03-30,59.31368274,0.00000000,292398.38174481,1,292457.69542755
2026-03-31,59.31368274,288374.27321580,0.00000000,0,288433.58689854
2026-04-01,1067.40289854,0.00000000,287366.18400000,1,288433.58689854
2026-04-02,1067.40289854,285066.45440000,0.00000000,0,286133.85729854
2026-04-03,928.32129854,0.00000000,285205.53600000,1,286133.85729854
2026-04-06,928.32129854,288993.27600000,0.00000000,0,289921.59729854
2026-04-07,885.41629469,0.00000000,289036.18100385,1,289921.59729854
2026-04-08,885.41629469,316322.57475000,0.00000000,0,317207.99104469
2026-04-09,17952.24124469,0.00000000,299255.74980000,1,317207.99104469
2026-04-10,17952.24124469,289987.79922900,0.00000000,0,307940.04047369
2026-04-13,8166.13527369,0.00000000,299773.90520000,1,307940.04047369
2026-04-14,8166.13527369,298085.34004172,0.00000000,0,306251.47531541
2026-04-15,8098.05611541,0.00000000,298153.41920000,1,306251.47531541
2026-04-16,8098.05611541,306344.06920000,0.00000000,0,314442.12531541
2026-04-17,22404.54031541,0.00000000,292037.58500000,1,314442.12531541
2026-04-20,22404.54031541,286763.94500000,0.00000000,0,309168.48531541
2026-04-21,9366.57171541,0.00000000,299801.91360000,1,309168.48531541
2026-04-22,9366.57171541,294048.75890000,0.00000000,0,303415.33061541
2026-04-23,4367.64321541,0.00000000,299047.68740000,1,303415.33061541
2026-04-24,4367.64321541,294750.04845000,0.00000000,0,299117.69166541
2026-04-27,187.24743517,0.00000000,298930.44423024,1,299117.69166541
2026-04-28,187.24743517,301112.03527840,0.00000000,0,301299.28271357
2026-04-30,1569.39071357,290447.25724476,0.00000000,0,292016.64795833
2026-05-01,57.09417273,0.00000000,291959.55378560,1,292016.64795833
2026-05-07,57.09417273,298662.36658880,0.00000000,0,298719.46076153
2026-05-08,210.22696387,0.00000000,298509.23379766,1,298719.46076153
2026-05-11,210.22696387,299428.04068940,0.00000000,0,299638.26765327
2026-05-12,1008.70565327,0.00000000,298629.56200000,1,299638.26765327
2026-05-13,1008.70565327,297240.80100000,0.00000000,0,298249.50665327
2026-05-14,458.19605327,288568.71371094,0.00000000,0,289026.90976421
2026-05-15,81.25206421,0.00000000,288945.65770000,1,289026.90976421
2026-05-18,81.25206421,286452.03860000,0.00000000,0,286533.29066421
2026-05-19,125.89931606,277537.35444200,0.00000000,0,277663.25375806
2026-05-20,277663.25375806,0.00000000,0.00000000,0,277663.25375806
