code,signal_date,planned_entry_date,prob,status,available_cash
4188,2025-04-01,2025-04-02,0.43548140,SKIPPED_MAX_OPEN_POSITIONS,1528.57553540
9432,2025-04-01,2025-04-02,0.32205863,SKIPPED_MAX_OPEN_POSITIONS,1528.57553540
1570,2025-04-01,2025-04-02,0.31806794,SKIPPED_MAX_OPEN_POSITIONS,1528.57553540
8306,2025-04-02,2025-04-03,0.82672467,SKIPPED_MAX_OPEN_POSITIONS,1528.57553540
1570,2025-04-02,2025-04-03,0.27014452,SKIPPED_MAX_OPEN_POSITIONS,1528.57553540
5020,2025-04-02,2025-04-03,0.25817947,SKIPPED_MAX_OPEN_POSITIONS,1528.57553540
7211,2025-04-04,2025-04-07,0.59520132,SKIPPED_MAX_OPEN_POSITIONS,115.60049232
8306,2025-04-04,2025-04-07,0.50090888,SKIPPED_MAX_OPEN_POSITIONS,115.60049232
4188,2025-04-04,2025-04-07,0.42595637,SKIPPED_MAX_OPEN_POSITIONS,115.60049232
1570,2025-04-04,2025-04-07,0.23678303,SKIPPED_MAX_OPEN_POSITIONS,115.60049232
4188,2025-04-07,2025-04-08,0.52534311,SKIPPED_MAX_OPEN_POSITIONS,64.39602009
7211,2025-04-07,2025-04-08,0.34249225,SKIPPED_MAX_OPEN_POSITIONS,64.39602009
8306,2025-04-07,2025-04-08,0.17436311,SKIPPED_MAX_OPEN_POSITIONS,64.39602009
4188,2025-04-08,2025-04-09,0.85787333,SKIPPED_MAX_OPEN_POSITIONS,64.39602009
8306,2025-04-08,2025-04-09,0.73858003,SKIPPED_MAX_OPEN_POSITIONS,64.39602009
7267,2025-04-08,2025-04-09,0.60166745,SKIPPED_MAX_OPEN_POSITIONS,64.39602009
5020,2025-04-08,2025-04-09,0.59378106,SKIPPED_MAX_OPEN_POSITIONS,64.39602009
7211,2025-04-08,2025-04-09,0.57888730,SKIPPED_MAX_OPEN_POSITIONS,64.39602009
1570,2025-04-08,2025-04-09,0.47033853,SKIPPED_MAX_OPEN_POSITIONS,64.39602009
9432,2025-04-09,2025-04-10,0.62500810,SKIPPED_MAX_OPEN_POSITIONS,332.31695843
4188,2025-04-09,2025-04-10,0.53473237,SKIPPED_MAX_OPEN_POSITIONS,332.31695843
8306,2025-04-09,2025-04-10,0.41711232,SKIPPED_MAX_OPEN_POSITIONS,332.31695843
9432,2025-04-10,2025-04-11,0.51239241,SKIPPED_MAX_OPEN_POSITIONS,535.74376719
7211,2025-04-10,2025-04-11,0.41372638,SKIPPED_MAX_OPEN_POSITIONS,535.74376719
8306,2025-04-10,2025-04-11,0.28279276,SKIPPED_MAX_OPEN_POSITIONS,535.74376719
7211,2025-04-11,2025-04-14,0.91148118,SKIPPED_MAX_OPEN_POSITIONS,535.74376719
7267,2025-04-11,2025-04-14,0.84822240,SKIPPED_MAX_OPEN_POSITIONS,535.74376719
4188,2025-04-11,2025-04-14,0.73269597,SKIPPED_MAX_OPEN_POSITIONS,535.74376719
9432,2025-04-11,2025-04-14,0.47766288,SKIPPED_MAX_OPEN_POSITIONS,535.74376719
8306,2025-04-11,2025-04-14,0.45315083,SKIPPED_MAX_OPEN_POSITIONS,535.74376719
1570,2025-04-11,2025-04-14,0.34279593,SKIPPED_MAX_OPEN_POSITIONS,535.74376719
4188,2025-04-14,2025-04-15,0.79200984,SKIPPED_MAX_OPEN_POSITIONS,826.88977240
7211,2025-04-14,2025-04-15,0.57776252,SKIPPED_MAX_OPEN_POSITIONS,826.88977240
5020,2025-04-14,2025-04-15,0.19424581,SKIPPED_MAX_OPEN_POSITIONS,826.88977240
5020,2025-04-15,2025-04-16,0.57006008,SKIPPED_MAX_OPEN_POSITIONS,826.88977240
1570,2025-04-15,2025-04-16,0.52426119,SKIPPED_MAX_OPEN_POSITIONS,826.88977240
8306,2025-04-15,2025-04-16,0.43189779,SKIPPED_MAX_OPEN_POSITIONS,826.88977240
7211,2025-04-15,2025-04-16,0.32724982,SKIPPED_MAX_OPEN_POSITIONS,826.88977240
8306,2025-04-16,2025-04-17,0.37064051,SKIPPED_MAX_OPEN_POSITIONS,534.04641623
9432,2025-04-16,2025-04-17,0.16302665,SKIPPED_MAX_OPEN_POSITIONS,534.04641623
8306,2025-04-17,2025-04-18,0.69596903,SKIPPED_MAX_OPEN_POSITIONS,534.04641623
5020,2025-04-17,2025-04-18,0.68503922,SKIPPED_MAX_OPEN_POSITIONS,534.04641623
9432,2025-04-17,2025-04-18,0.34432272,SKIPPED_MAX_OPEN_POSITIONS,534.04641623
7211,2025-04-18,2025-04-21,0.42792185,SKIPPED_MAX_OPEN_POSITIONS,407.74307713
8306,2025-04-21,2025-04-22,0.62578760,SKIPPED_MAX_OPEN_POSITIONS,407.74307713
7211,2025-04-21,2025-04-22,0.59999308,SKIPPED_MAX_OPEN_POSITIONS,407.74307713
7211,2025-04-23,2025-04-24,0.73658110,SKIPPED_MAX_OPEN_POSITIONS,226.08850774
8306,2025-04-23,2025-04-24,0.15495414,SKIPPED_MAX_OPEN_POSITIONS,226.08850774
9432,2025-04-25,2025-04-28,0.25663649,SKIPPED_MAX_OPEN_POSITIONS,108.77897257
1570,2025-04-25,2025-04-28,0.25650879,SKIPPED_MAX_OPEN_POSITIONS,108.77897257
1570,2025-04-28,2025-04-30,0.59989407,SKIPPED_MAX_OPEN_POSITIONS,230.25119092
9432,2025-04-28,2025-04-30,0.44997452,SKIPPED_MAX_OPEN_POSITIONS,230.25119092
8306,2025-04-28,2025-04-30,0.29511473,SKIPPED_MAX_OPEN_POSITIONS,230.25119092
8306,2025-04-30,2025-05-01,0.54976724,SKIPPED_MAX_OPEN_POSITIONS,230.25119092
1570,2025-04-30,2025-05-01,0.52979972,SKIPPED_MAX_OPEN_POSITIONS,230.25119092
9432,2025-04-30,2025-05-01,0.44180019,SKIPPED_MAX_OPEN_POSITIONS,230.25119092
5020,2025-05-02,2025-05-07,0.18211711,SKIPPED_MAX_OPEN_POSITIONS,42.14909648
8306,2025-05-02,2025-05-07,0.16139398,SKIPPED_MAX_OPEN_POSITIONS,42.14909648
1570,2025-05-07,2025-05-08,0.20853132,SKIPPED_MAX_OPEN_POSITIONS,407.97456416
8306,2025-05-07,2025-05-08,0.18474575,SKIPPED_MAX_OPEN_POSITIONS,407.97456416
4689,2025-05-08,2025-05-09,0.56140543,SKIPPED_MAX_OPEN_POSITIONS,407.97456416
7211,2025-05-08,2025-05-09,0.35988610,SKIPPED_MAX_OPEN_POSITIONS,407.97456416
7211,2025-05-12,2025-05-13,0.53238847,SKIPPED_MAX_OPEN_POSITIONS,189.82532396
5020,2025-05-12,2025-05-13,0.38787315,SKIPPED_MAX_OPEN_POSITIONS,189.82532396
4188,2025-05-13,2025-05-14,0.50460258,SKIPPED_MAX_OPEN_POSITIONS,97.87246769
1570,2025-05-14,2025-05-15,0.75588979,SKIPPED_MAX_OPEN_POSITIONS,97.87246769
4689,2025-05-14,2025-05-15,0.74801816,SKIPPED_MAX_OPEN_POSITIONS,97.87246769
7211,2025-05-14,2025-05-15,0.50468619,SKIPPED_MAX_OPEN_POSITIONS,97.87246769
8306,2025-05-14,2025-05-15,0.31633272,SKIPPED_MAX_OPEN_POSITIONS,97.87246769
5020,2025-05-14,2025-05-15,0.22312762,SKIPPED_MAX_OPEN_POSITIONS,97.87246769
9432,2025-05-14,2025-05-15,0.21086203,SKIPPED_MAX_OPEN_POSITIONS,97.87246769
4689,2025-05-16,2025-05-19,0.54627827,SKIPPED_MAX_OPEN_POSITIONS,373.90935389
7211,2025-05-19,2025-05-20,0.42178655,SKIPPED_MAX_OPEN_POSITIONS,373.90935389
9432,2025-05-20,2025-05-21,0.36834776,SKIPPED_MAX_OPEN_POSITIONS,309.65326620
5020,2025-05-20,2025-05-21,0.21280548,SKIPPED_MAX_OPEN_POSITIONS,309.65326620
9432,2025-05-21,2025-05-22,0.39004435,SKIPPED_MAX_OPEN_POSITIONS,309.65326620
1570,2025-05-21,2025-05-22,0.20456870,SKIPPED_MAX_OPEN_POSITIONS,309.65326620
9432,2025-05-22,2025-05-23,0.28524619,SKIPPED_MAX_OPEN_POSITIONS,220.21763153
7211,2025-05-23,2025-05-26,0.31629400,SKIPPED_MAX_OPEN_POSITIONS,220.21763153
8306,2025-05-28,2025-05-29,0.26317550,SKIPPED_MAX_OPEN_POSITIONS,728.67524007
5020,2025-05-29,2025-05-30,0.19782576,SKIPPED_MAX_OPEN_POSITIONS,40.31658027
9432,2025-06-02,2025-06-03,0.17065631,SKIPPED_MAX_OPEN_POSITIONS,799.88287797
8306,2025-06-03,2025-06-04,0.16670789,SKIPPED_MAX_OPEN_POSITIONS,799.88287797
9432,2025-06-03,2025-06-04,0.15951547,SKIPPED_MAX_OPEN_POSITIONS,799.88287797
9432,2025-06-04,2025-06-05,0.17492252,SKIPPED_MAX_OPEN_POSITIONS,347.32158749
9432,2025-06-05,2025-06-06,0.39177857,SKIPPED_MAX_OPEN_POSITIONS,347.32158749
8306,2025-06-05,2025-06-06,0.29251300,SKIPPED_MAX_OPEN_POSITIONS,347.32158749
1570,2025-06-05,2025-06-06,0.23014315,SKIPPED_MAX_OPEN_POSITIONS,347.32158749
5020,2025-06-05,2025-06-06,0.21282352,SKIPPED_MAX_OPEN_POSITIONS,347.32158749
9432,2025-06-06,2025-06-09,0.22951283,SKIPPED_MAX_OPEN_POSITIONS,1501.42182025
8306,2025-06-09,2025-06-10,0.33043392,SKIPPED_MAX_OPEN_POSITIONS,1501.42182025
7211,2025-06-10,2025-06-11,0.49017660,SKIPPED_MAX_OPEN_POSITIONS,1298.51263525
8306,2025-06-11,2025-06-12,0.53044890,SKIPPED_MAX_OPEN_POSITIONS,1298.51263525
7211,2025-06-11,2025-06-12,0.30173216,SKIPPED_MAX_OPEN_POSITIONS,1298.51263525
1570,2025-06-12,2025-06-13,0.22885579,SKIPPED_MAX_OPEN_POSITIONS,1881.49881275
5020,2025-06-12,2025-06-13,0.20527350,SKIPPED_MAX_OPEN_POSITIONS,1881.49881275
8306,2025-06-17,2025-06-18,0.72920287,SKIPPED_MAX_OPEN_POSITIONS,94.73232237
7211,2025-06-17,2025-06-18,0.44968301,SKIPPED_MAX_OPEN_POSITIONS,94.73232237
7211,2025-06-18,2025-06-19,0.39408280,SKIPPED_MAX_OPEN_POSITIONS,1117.24963055
7211,2025-06-19,2025-06-20,0.90920741,SKIPPED_MAX_OPEN_POSITIONS,1117.24963055
8306,2025-06-19,2025-06-20,0.42633183,SKIPPED_MAX_OPEN_POSITIONS,1117.24963055
1570,2025-06-19,2025-06-20,0.31405294,SKIPPED_MAX_OPEN_POSITIONS,1117.24963055
4188,2025-06-20,2025-06-23,0.56205594,SKIPPED_MAX_OPEN_POSITIONS,291.18810998
8306,2025-06-20,2025-06-23,0.45105726,SKIPPED_MAX_OPEN_POSITIONS,291.18810998
7211,2025-06-23,2025-06-24,0.70391172,SKIPPED_MAX_OPEN_POSITIONS,291.18810998
8306,2025-06-23,2025-06-24,0.50148639,SKIPPED_MAX_OPEN_POSITIONS,291.18810998
8306,2025-06-24,2025-06-25,0.18428833,SKIPPED_MAX_OPEN_POSITIONS,268.59810384
7211,2025-06-25,2025-06-26,0.71989381,SKIPPED_MAX_OPEN_POSITIONS,268.59810384
4188,2025-06-25,2025-06-26,0.65919344,SKIPPED_MAX_OPEN_POSITIONS,268.59810384
8306,2025-06-25,2025-06-26,0.32628795,SKIPPED_MAX_OPEN_POSITIONS,268.59810384
7211,2025-06-26,2025-06-27,0.38484846,SKIPPED_MAX_OPEN_POSITIONS,543.71532150
9432,2025-06-27,2025-06-30,0.19385547,SKIPPED_MAX_OPEN_POSITIONS,543.71532150
4188,2025-06-30,2025-07-01,0.40372260,SKIPPED_MAX_OPEN_POSITIONS,1287.17272356
7211,2025-06-30,2025-07-01,0.39469005,SKIPPED_MAX_OPEN_POSITIONS,1287.17272356
9432,2025-06-30,2025-07-01,0.27432953,SKIPPED_MAX_OPEN_POSITIONS,1287.17272356
8306,2025-07-01,2025-07-02,0.43800507,SKIPPED_MAX_OPEN_POSITIONS,1287.17272356
1570,2025-07-01,2025-07-02,0.38414577,SKIPPED_MAX_OPEN_POSITIONS,1287.17272356
8306,2025-07-02,2025-07-03,0.38510835,SKIPPED_MAX_OPEN_POSITIONS,65.42883892
9432,2025-07-02,2025-07-03,0.37621620,SKIPPED_MAX_OPEN_POSITIONS,65.42883892
1570,2025-07-03,2025-07-04,0.21923916,SKIPPED_MAX_OPEN_POSITIONS,65.42883892
8306,2025-07-03,2025-07-04,0.21178323,SKIPPED_MAX_OPEN_POSITIONS,65.42883892
8306,2025-07-04,2025-07-07,0.27354495,SKIPPED_MAX_OPEN_POSITIONS,62.90037109
1570,2025-07-07,2025-07-08,0.34916511,SKIPPED_MAX_OPEN_POSITIONS,62.90037109
1570,2025-07-08,2025-07-09,0.43320993,SKIPPED_MAX_OPEN_POSITIONS,1780.61527595
5020,2025-07-08,2025-07-09,0.33454581,SKIPPED_MAX_OPEN_POSITIONS,1780.61527595
7211,2025-07-09,2025-07-10,0.39437419,SKIPPED_MAX_OPEN_POSITIONS,1780.61527595
1570,2025-07-09,2025-07-10,0.25049826,SKIPPED_MAX_OPEN_POSITIONS,1780.61527595
1570,2025-07-10,2025-07-11,0.43220328,SKIPPED_MAX_OPEN_POSITIONS,171.73255837
9432,2025-07-10,2025-07-11,0.36673281,SKIPPED_MAX_OPEN_POSITIONS,171.73255837
8306,2025-07-10,2025-07-11,0.16355467,SKIPPED_MAX_OPEN_POSITIONS,171.73255837
7211,2025-07-11,2025-07-14,0.51040521,SKIPPED_MAX_OPEN_POSITIONS,171.73255837
1570,2025-07-11,2025-07-14,0.44532177,SKIPPED_MAX_OPEN_POSITIONS,171.73255837
8306,2025-07-16,2025-07-17,0.28905282,SKIPPED_MAX_OPEN_POSITIONS,3.86369122
9432,2025-07-16,2025-07-17,0.15263594,SKIPPED_MAX_OPEN_POSITIONS,3.86369122
7211,2025-07-17,2025-07-18,0.59424176,SKIPPED_MAX_OPEN_POSITIONS,3.86369122
8306,2025-07-17,2025-07-18,0.24415860,SKIPPED_MAX_OPEN_POSITIONS,3.86369122
8306,2025-07-18,2025-07-22,0.23436507,SKIPPED_MAX_OPEN_POSITIONS,283.26917469
1570,2025-07-23,2025-07-24,0.37913211,SKIPPED_MAX_OPEN_POSITIONS,549.15192847
8306,2025-07-23,2025-07-24,0.18535379,SKIPPED_MAX_OPEN_POSITIONS,549.15192847
8306,2025-07-24,2025-07-25,0.91196998,SKIPPED_MAX_OPEN_POSITIONS,549.15192847
8306,2025-07-25,2025-07-28,0.24673608,SKIPPED_MAX_OPEN_POSITIONS,41.61617961
5020,2025-07-25,2025-07-28,0.17305278,SKIPPED_MAX_OPEN_POSITIONS,41.61617961
7211,2025-07-28,2025-07-29,0.64309552,SKIPPED_MAX_OPEN_POSITIONS,41.61617961
8306,2025-07-28,2025-07-29,0.48808837,SKIPPED_MAX_OPEN_POSITIONS,41.61617961
9432,2025-07-28,2025-07-29,0.22633436,SKIPPED_MAX_OPEN_POSITIONS,41.61617961
9432,2025-07-29,2025-07-30,0.30400932,SKIPPED_MAX_OPEN_POSITIONS,257.07106289
8306,2025-07-29,2025-07-30,0.24476422,SKIPPED_MAX_OPEN_POSITIONS,257.07106289
5020,2025-07-30,2025-07-31,0.44645667,SKIPPED_MAX_OPEN_POSITIONS,257.07106289
8306,2025-07-30,2025-07-31,0.18886263,SKIPPED_MAX_OPEN_POSITIONS,257.07106289
9432,2025-07-30,2025-07-31,0.16425034,SKIPPED_MAX_OPEN_POSITIONS,257.07106289
8306,2025-07-31,2025-08-01,0.32241829,SKIPPED_MAX_OPEN_POSITIONS,670.83002004
9432,2025-07-31,2025-08-01,0.30570865,SKIPPED_MAX_OPEN_POSITIONS,670.83002004
8306,2025-08-01,2025-08-04,0.38536175,SKIPPED_MAX_OPEN_POSITIONS,670.83002004
1570,2025-08-01,2025-08-04,0.21840277,SKIPPED_MAX_OPEN_POSITIONS,670.83002004
5020,2025-08-04,2025-08-05,0.25013274,SKIPPED_MAX_OPEN_POSITIONS,1978.69900372
4689,2025-08-05,2025-08-06,0.62489026,SKIPPED_MAX_OPEN_POSITIONS,1978.69900372
7211,2025-08-05,2025-08-06,0.46347905,SKIPPED_MAX_OPEN_POSITIONS,1978.69900372
5020,2025-08-05,2025-08-06,0.18853406,SKIPPED_MAX_OPEN_POSITIONS,1978.69900372
9432,2025-08-06,2025-08-07,0.29202696,SKIPPED_MAX_OPEN_POSITIONS,30.66206261
8306,2025-08-06,2025-08-07,0.15303492,SKIPPED_MAX_OPEN_POSITIONS,30.66206261
7211,2025-08-07,2025-08-08,0.47292983,SKIPPED_MAX_OPEN_POSITIONS,30.66206261
8306,2025-08-07,2025-08-08,0.37727458,SKIPPED_MAX_OPEN_POSITIONS,30.66206261
5020,2025-08-07,2025-08-08,0.29138952,SKIPPED_MAX_OPEN_POSITIONS,30.66206261
8306,2025-08-08,2025-08-12,0.43214675,SKIPPED_MAX_OPEN_POSITIONS,215.59289634
7211,2025-08-08,2025-08-12,0.36469342,SKIPPED_MAX_OPEN_POSITIONS,215.59289634
5020,2025-08-08,2025-08-12,0.18646016,SKIPPED_MAX_OPEN_POSITIONS,215.59289634
4188,2025-08-12,2025-08-13,0.93136325,SKIPPED_MAX_OPEN_POSITIONS,215.59289634
5020,2025-08-12,2025-08-13,0.83927009,SKIPPED_MAX_OPEN_POSITIONS,215.59289634
7211,2025-08-12,2025-08-13,0.44289085,SKIPPED_MAX_OPEN_POSITIONS,215.59289634
8306,2025-08-12,2025-08-13,0.18484308,SKIPPED_MAX_OPEN_POSITIONS,215.59289634
8306,2025-08-13,2025-08-14,0.32644860,SKIPPED_MAX_OPEN_POSITIONS,618.85409937
7211,2025-08-13,2025-08-14,0.30346864,SKIPPED_MAX_OPEN_POSITIONS,618.85409937
7211,2025-08-14,2025-08-15,0.56809904,SKIPPED_MAX_OPEN_POSITIONS,618.85409937
8306,2025-08-14,2025-08-15,0.33418712,SKIPPED_MAX_OPEN_POSITIONS,618.85409937
5020,2025-08-14,2025-08-15,0.19263270,SKIPPED_MAX_OPEN_POSITIONS,618.85409937
7211,2025-08-18,2025-08-19,0.35142944,SKIPPED_MAX_OPEN_POSITIONS,792.08312481
7211,2025-08-20,2025-08-21,0.52795204,SKIPPED_MAX_OPEN_POSITIONS,14611.58957717
9432,2025-08-20,2025-08-21,0.18556372,SKIPPED_MAX_OPEN_POSITIONS,14611.58957717
9432,2025-08-21,2025-08-22,0.19412967,SKIPPED_MAX_OPEN_POSITIONS,26.88688765
9432,2025-08-22,2025-08-25,0.29024211,SKIPPED_MAX_OPEN_POSITIONS,26.88688765
9432,2025-08-25,2025-08-26,0.17237899,SKIPPED_MAX_OPEN_POSITIONS,101.71813636
8306,2025-08-26,2025-08-27,0.47276924,SKIPPED_MAX_OPEN_POSITIONS,101.71813636
4188,2025-08-26,2025-08-27,0.44701519,SKIPPED_MAX_OPEN_POSITIONS,101.71813636
9432,2025-08-26,2025-08-27,0.16852702,SKIPPED_MAX_OPEN_POSITIONS,101.71813636
7211,2025-08-27,2025-08-28,0.40768630,SKIPPED_MAX_OPEN_POSITIONS,1240.47592676
5020,2025-08-27,2025-08-28,0.25735828,SKIPPED_MAX_OPEN_POSITIONS,1240.47592676
8306,2025-08-28,2025-08-29,0.34895845,SKIPPED_MAX_OPEN_POSITIONS,1240.47592676
7211,2025-08-28,2025-08-29,0.33170002,SKIPPED_MAX_OPEN_POSITIONS,1240.47592676
5020,2025-08-28,2025-08-29,0.19696908,SKIPPED_MAX_OPEN_POSITIONS,1240.47592676
8306,2025-08-29,2025-09-01,0.58334893,SKIPPED_MAX_OPEN_POSITIONS,810.75136626
4188,2025-08-29,2025-09-01,0.47672163,SKIPPED_MAX_OPEN_POSITIONS,810.75136626
9432,2025-08-29,2025-09-01,0.24440179,SKIPPED_MAX_OPEN_POSITIONS,810.75136626
5020,2025-09-01,2025-09-02,0.60112034,SKIPPED_MAX_OPEN_POSITIONS,810.75136626
8306,2025-09-01,2025-09-02,0.59987448,SKIPPED_MAX_OPEN_POSITIONS,810.75136626
7211,2025-09-01,2025-09-02,0.57233333,SKIPPED_MAX_OPEN_POSITIONS,810.75136626
9432,2025-09-01,2025-09-02,0.15162471,SKIPPED_MAX_OPEN_POSITIONS,810.75136626
8306,2025-09-03,2025-09-04,0.81019288,SKIPPED_MAX_OPEN_POSITIONS,270.82141522
5020,2025-09-03,2025-09-04,0.79419703,SKIPPED_MAX_OPEN_POSITIONS,270.82141522
7211,2025-09-03,2025-09-04,0.34515647,SKIPPED_MAX_OPEN_POSITIONS,270.82141522
9432,2025-09-03,2025-09-04,0.15371509,SKIPPED_MAX_OPEN_POSITIONS,270.82141522
8306,2025-09-04,2025-09-05,0.63731136,SKIPPED_MAX_OPEN_POSITIONS,221.25425798
5020,2025-09-04,2025-09-05,0.28820065,SKIPPED_MAX_OPEN_POSITIONS,221.25425798
9432,2025-09-04,2025-09-05,0.27820920,SKIPPED_MAX_OPEN_POSITIONS,221.25425798
1570,2025-09-04,2025-09-05,0.23204491,SKIPPED_MAX_OPEN_POSITIONS,221.25425798
8306,2025-09-05,2025-09-08,0.39011402,SKIPPED_MAX_OPEN_POSITIONS,221.25425798
8306,2025-09-08,2025-09-09,0.51850888,SKIPPED_MAX_OPEN_POSITIONS,91.48029974
8306,2025-09-09,2025-09-10,0.21505771,SKIPPED_MAX_OPEN_POSITIONS,91.48029974
5020,2025-09-09,2025-09-10,0.20316792,SKIPPED_MAX_OPEN_POSITIONS,91.48029974
1570,2025-09-09,2025-09-10,0.20117433,SKIPPED_MAX_OPEN_POSITIONS,91.48029974
8306,2025-09-10,2025-09-11,0.43458098,SKIPPED_MAX_OPEN_POSITIONS,500.79942840
8306,2025-09-11,2025-09-12,0.27411380,SKIPPED_MAX_OPEN_POSITIONS,500.79942840
8306,2025-09-12,2025-09-16,0.45937533,SKIPPED_MAX_OPEN_POSITIONS,201.83226471
7211,2025-09-16,2025-09-17,0.49909182,SKIPPED_MAX_OPEN_POSITIONS,201.83226471
1570,2025-09-16,2025-09-17,0.30527659,SKIPPED_MAX_OPEN_POSITIONS,201.83226471
8306,2025-09-16,2025-09-17,0.23078795,SKIPPED_MAX_OPEN_POSITIONS,201.83226471
7267,2025-09-17,2025-09-18,0.33282928,SKIPPED_MAX_OPEN_POSITIONS,194.10039351
8306,2025-09-17,2025-09-18,0.28125956,SKIPPED_MAX_OPEN_POSITIONS,194.10039351
7267,2025-09-18,2025-09-19,0.45508715,SKIPPED_MAX_OPEN_POSITIONS,194.10039351
1570,2025-09-18,2025-09-19,0.21101641,SKIPPED_MAX_OPEN_POSITIONS,194.10039351
8306,2025-09-19,2025-09-22,0.25699716,SKIPPED_MAX_OPEN_POSITIONS,263.73353925
8306,2025-09-22,2025-09-24,0.36707310,SKIPPED_MAX_OPEN_POSITIONS,263.73353925
1570,2025-09-22,2025-09-24,0.26016291,SKIPPED_MAX_OPEN_POSITIONS,263.73353925
8306,2025-09-24,2025-09-25,0.35597972,SKIPPED_MAX_OPEN_POSITIONS,263.46088213
5020,2025-09-24,2025-09-25,0.20918889,SKIPPED_MAX_OPEN_POSITIONS,263.46088213
8306,2025-09-25,2025-09-26,0.69099242,SKIPPED_MAX_OPEN_POSITIONS,263.46088213
8306,2025-09-26,2025-09-29,0.21043680,SKIPPED_MAX_OPEN_POSITIONS,660.78396473
7211,2025-09-30,2025-10-01,0.38529961,SKIPPED_MAX_OPEN_POSITIONS,1535.58216519
9432,2025-09-30,2025-10-01,0.33896607,SKIPPED_MAX_OPEN_POSITIONS,1535.58216519
5020,2025-09-30,2025-10-01,0.23131022,SKIPPED_MAX_OPEN_POSITIONS,1535.58216519
8306,2025-10-01,2025-10-02,0.34167139,SKIPPED_MAX_OPEN_POSITIONS,1535.58216519
1570,2025-10-01,2025-10-02,0.27779945,SKIPPED_MAX_OPEN_POSITIONS,1535.58216519
7267,2025-10-03,2025-10-06,0.33966230,SKIPPED_MAX_OPEN_POSITIONS,393.13822605
8306,2025-10-06,2025-10-07,0.23476485,SKIPPED_MAX_OPEN_POSITIONS,18998.90162080
1570,2025-10-07,2025-10-08,0.30327543,SKIPPED_MAX_OPEN_POSITIONS,18998.90162080
8306,2025-10-08,2025-10-09,0.23194272,SKIPPED_MAX_OPEN_POSITIONS,40.13333688
5020,2025-10-09,2025-10-10,0.46218204,SKIPPED_MAX_OPEN_POSITIONS,40.13333688
8306,2025-10-09,2025-10-10,0.34601845,SKIPPED_MAX_OPEN_POSITIONS,40.13333688
7211,2025-10-09,2025-10-10,0.31033284,SKIPPED_MAX_OPEN_POSITIONS,40.13333688
9432,2025-10-09,2025-10-10,0.16625724,SKIPPED_MAX_OPEN_POSITIONS,40.13333688
4188,2025-10-15,2025-10-16,0.46592863,SKIPPED_MAX_OPEN_POSITIONS,1578.43018101
8306,2025-10-15,2025-10-16,0.43670975,SKIPPED_MAX_OPEN_POSITIONS,1578.43018101
8306,2025-10-16,2025-10-17,0.50078243,SKIPPED_MAX_OPEN_POSITIONS,795.16493211
8306,2025-10-17,2025-10-20,0.60925719,SKIPPED_MAX_OPEN_POSITIONS,795.16493211
4188,2025-10-17,2025-10-20,0.53078994,SKIPPED_MAX_OPEN_POSITIONS,795.16493211
7211,2025-10-17,2025-10-20,0.48942705,SKIPPED_MAX_OPEN_POSITIONS,795.16493211
1570,2025-10-17,2025-10-20,0.27143772,SKIPPED_MAX_OPEN_POSITIONS,795.16493211
7211,2025-10-20,2025-10-21,0.42726383,SKIPPED_MAX_OPEN_POSITIONS,297.08967435
8306,2025-10-21,2025-10-22,0.32250572,SKIPPED_MAX_OPEN_POSITIONS,297.08967435
9432,2025-10-24,2025-10-27,0.16282114,SKIPPED_MAX_OPEN_POSITIONS,854.49358657
1570,2025-10-27,2025-10-28,0.77625937,SKIPPED_MAX_OPEN_POSITIONS,854.49358657
8306,2025-10-27,2025-10-28,0.66926838,SKIPPED_MAX_OPEN_POSITIONS,854.49358657
9432,2025-10-27,2025-10-28,0.23273372,SKIPPED_MAX_OPEN_POSITIONS,854.49358657
8306,2025-10-29,2025-10-30,0.34253005,SKIPPED_MAX_OPEN_POSITIONS,1104.02568498
9432,2025-10-29,2025-10-30,0.22844166,SKIPPED_MAX_OPEN_POSITIONS,1104.02568498
7211,2025-10-30,2025-10-31,0.42373585,SKIPPED_MAX_OPEN_POSITIONS,1425.21817260
1570,2025-10-30,2025-10-31,0.39288651,SKIPPED_MAX_OPEN_POSITIONS,1425.21817260
8306,2025-10-31,2025-11-04,0.39241368,SKIPPED_MAX_OPEN_POSITIONS,1425.21817260
9432,2025-11-05,2025-11-06,0.42033970,SKIPPED_MAX_OPEN_POSITIONS,557.05759758
8306,2025-11-05,2025-11-06,0.21724559,SKIPPED_MAX_OPEN_POSITIONS,557.05759758
8306,2025-11-06,2025-11-07,0.62393421,SKIPPED_MAX_OPEN_POSITIONS,557.05759758
4188,2025-11-06,2025-11-07,0.55837150,SKIPPED_MAX_OPEN_POSITIONS,557.05759758
9432,2025-11-06,2025-11-07,0.38624529,SKIPPED_MAX_OPEN_POSITIONS,557.05759758
9432,2025-11-07,2025-11-10,0.29346923,SKIPPED_MAX_OPEN_POSITIONS,2205.07529716
9432,2025-11-10,2025-11-11,0.39414370,SKIPPED_MAX_OPEN_POSITIONS,2205.07529716
8306,2025-11-11,2025-11-12,0.26822853,SKIPPED_MAX_OPEN_POSITIONS,105.35253881
5020,2025-11-12,2025-11-13,0.16689130,SKIPPED_MAX_OPEN_POSITIONS,105.35253881
9432,2025-11-13,2025-11-14,0.57721291,SKIPPED_MAX_OPEN_POSITIONS,1471.44609246
5020,2025-11-13,2025-11-14,0.48202108,SKIPPED_MAX_OPEN_POSITIONS,1471.44609246
7211,2025-11-13,2025-11-14,0.31742508,SKIPPED_MAX_OPEN_POSITIONS,1471.44609246
1570,2025-11-13,2025-11-14,0.22609280,SKIPPED_MAX_OPEN_POSITIONS,1471.44609246
8306,2025-11-14,2025-11-17,0.81620194,SKIPPED_MAX_OPEN_POSITIONS,1471.44609246
9432,2025-11-14,2025-11-17,0.21077761,SKIPPED_MAX_OPEN_POSITIONS,1471.44609246
8306,2025-11-17,2025-11-18,0.20463611,SKIPPED_MAX_OPEN_POSITIONS,252.26498222
9432,2025-11-17,2025-11-18,0.15000798,SKIPPED_MAX_OPEN_POSITIONS,252.26498222
4188,2025-11-18,2025-11-19,0.43204476,SKIPPED_MAX_OPEN_POSITIONS,252.26498222
8306,2025-11-18,2025-11-19,0.20568685,SKIPPED_MAX_OPEN_POSITIONS,252.26498222
7211,2025-11-20,2025-11-21,0.43120079,SKIPPED_MAX_OPEN_POSITIONS,899.27298611
7211,2025-11-21,2025-11-25,0.39155295,SKIPPED_MAX_OPEN_POSITIONS,769.96928747
8306,2025-11-27,2025-11-28,0.15533965,SKIPPED_MAX_OPEN_POSITIONS,1972.67042451
8306,2025-12-02,2025-12-03,0.72431165,SKIPPED_MAX_OPEN_POSITIONS,833.38888638
1570,2025-12-02,2025-12-03,0.32561013,SKIPPED_MAX_OPEN_POSITIONS,833.38888638
1570,2025-12-04,2025-12-05,0.23308925,SKIPPED_MAX_OPEN_POSITIONS,118.30366569
8306,2025-12-04,2025-12-05,0.20688649,SKIPPED_MAX_OPEN_POSITIONS,118.30366569
8306,2025-12-05,2025-12-08,0.21421243,SKIPPED_MAX_OPEN_POSITIONS,40.07054465
8306,2025-12-08,2025-12-09,0.31806593,SKIPPED_MAX_OPEN_POSITIONS,40.07054465
8306,2025-12-09,2025-12-10,0.17313636,SKIPPED_MAX_OPEN_POSITIONS,6.87324833
5020,2025-12-10,2025-12-11,0.23712058,SKIPPED_MAX_OPEN_POSITIONS,6.87324833
8306,2025-12-10,2025-12-11,0.19497902,SKIPPED_MAX_OPEN_POSITIONS,6.87324833
9432,2025-12-11,2025-12-12,0.50668172,SKIPPED_MAX_OPEN_POSITIONS,13.94210643
8306,2025-12-11,2025-12-12,0.31804846,SKIPPED_MAX_OPEN_POSITIONS,13.94210643
4188,2025-12-12,2025-12-15,0.89244295,SKIPPED_MAX_OPEN_POSITIONS,13.94210643
7211,2025-12-12,2025-12-15,0.33169640,SKIPPED_MAX_OPEN_POSITIONS,13.94210643
8306,2025-12-12,2025-12-15,0.29937939,SKIPPED_MAX_OPEN_POSITIONS,13.94210643
9432,2025-12-12,2025-12-15,0.27544797,SKIPPED_MAX_OPEN_POSITIONS,13.94210643
5020,2025-12-15,2025-12-16,0.29363623,SKIPPED_MAX_OPEN_POSITIONS,640.38233598
4188,2025-12-16,2025-12-17,0.44467284,SKIPPED_MAX_OPEN_POSITIONS,640.38233598
8306,2025-12-16,2025-12-17,0.37976015,SKIPPED_MAX_OPEN_POSITIONS,640.38233598
4188,2025-12-17,2025-12-18,0.43790876,SKIPPED_MAX_OPEN_POSITIONS,67.70404101
9432,2025-12-17,2025-12-18,0.43068945,SKIPPED_MAX_OPEN_POSITIONS,67.70404101
1570,2025-12-17,2025-12-18,0.25013068,SKIPPED_MAX_OPEN_POSITIONS,67.70404101
8306,2025-12-17,2025-12-18,0.22717520,SKIPPED_MAX_OPEN_POSITIONS,67.70404101
7211,2025-12-18,2025-12-19,0.74052515,SKIPPED_MAX_OPEN_POSITIONS,67.70404101
8306,2025-12-18,2025-12-19,0.39289324,SKIPPED_MAX_OPEN_POSITIONS,67.70404101
9432,2025-12-19,2025-12-22,0.19044415,SKIPPED_MAX_OPEN_POSITIONS,247.69663122
7211,2025-12-22,2025-12-23,0.45722587,SKIPPED_MAX_OPEN_POSITIONS,247.69663122
1570,2025-12-22,2025-12-23,0.34441511,SKIPPED_MAX_OPEN_POSITIONS,247.69663122
7211,2025-12-24,2025-12-25,0.43052656,SKIPPED_MAX_OPEN_POSITIONS,1812.29221087
4188,2025-12-24,2025-12-25,0.41848155,SKIPPED_MAX_OPEN_POSITIONS,1812.29221087
7211,2025-12-25,2025-12-26,0.42160074,SKIPPED_MAX_OPEN_POSITIONS,1241.98286039
7211,2025-12-26,2025-12-29,0.47443841,SKIPPED_MAX_OPEN_POSITIONS,1241.98286039
8306,2025-12-26,2025-12-29,0.41458980,SKIPPED_MAX_OPEN_POSITIONS,1241.98286039
8306,2025-12-29,2025-12-30,0.57367043,SKIPPED_MAX_OPEN_POSITIONS,808.10459339
7211,2025-12-29,2025-12-30,0.31563529,SKIPPED_MAX_OPEN_POSITIONS,808.10459339
9432,2025-12-29,2025-12-30,0.17087866,SKIPPED_MAX_OPEN_POSITIONS,808.10459339
8306,2025-12-30,2026-01-05,0.42540841,SKIPPED_MAX_OPEN_POSITIONS,808.10459339
9432,2025-12-30,2026-01-05,0.18273406,SKIPPED_MAX_OPEN_POSITIONS,808.10459339
5020,2026-01-06,2026-01-07,0.16517603,SKIPPED_MAX_OPEN_POSITIONS,9647.99865096
8306,2026-01-07,2026-01-08,0.19812541,SKIPPED_MAX_OPEN_POSITIONS,94.50210156
4188,2026-01-08,2026-01-09,0.56376760,SKIPPED_MAX_OPEN_POSITIONS,94.50210156
8306,2026-01-08,2026-01-09,0.18801225,SKIPPED_MAX_OPEN_POSITIONS,94.50210156
5020,2026-01-09,2026-01-13,0.23291417,SKIPPED_MAX_OPEN_POSITIONS,2554.26768982
9432,2026-01-09,2026-01-13,0.16105111,SKIPPED_MAX_OPEN_POSITIONS,2554.26768982
9432,2026-01-13,2026-01-14,0.23827967,SKIPPED_MAX_OPEN_POSITIONS,2554.26768982
8306,2026-01-13,2026-01-14,0.18724316,SKIPPED_MAX_OPEN_POSITIONS,2554.26768982
7211,2026-01-16,2026-01-19,0.33458195,SKIPPED_MAX_OPEN_POSITIONS,2499.31028909
1570,2026-01-16,2026-01-19,0.25949019,SKIPPED_MAX_OPEN_POSITIONS,2499.31028909
8306,2026-01-16,2026-01-19,0.15900307,SKIPPED_MAX_OPEN_POSITIONS,2499.31028909
5020,2026-01-20,2026-01-21,0.27681631,SKIPPED_MAX_OPEN_POSITIONS,1392.10805469
8306,2026-01-21,2026-01-22,0.40919663,SKIPPED_MAX_OPEN_POSITIONS,127.45112053
8306,2026-01-22,2026-01-23,0.41549642,SKIPPED_MAX_OPEN_POSITIONS,127.45112053
7211,2026-01-22,2026-01-23,0.30535076,SKIPPED_MAX_OPEN_POSITIONS,127.45112053
9432,2026-01-23,2026-01-26,0.36201305,SKIPPED_MAX_OPEN_POSITIONS,23.13406324
4188,2026-01-26,2026-01-27,0.46692145,SKIPPED_MAX_OPEN_POSITIONS,23.13406324
8306,2026-01-26,2026-01-27,0.18795947,SKIPPED_MAX_OPEN_POSITIONS,23.13406324
8306,2026-01-28,2026-01-29,0.52707821,SKIPPED_MAX_OPEN_POSITIONS,104.04619309
8306,2026-01-29,2026-01-30,0.24466705,SKIPPED_MAX_OPEN_POSITIONS,1246.39366498
9432,2026-01-30,2026-02-02,0.38824114,SKIPPED_MAX_OPEN_POSITIONS,1246.39366498
4188,2026-02-03,2026-02-04,0.71128236,SKIPPED_MAX_OPEN_POSITIONS,890.13201946
8306,2026-02-03,2026-02-04,0.40478927,SKIPPED_MAX_OPEN_POSITIONS,890.13201946
7211,2026-02-03,2026-02-04,0.32646031,SKIPPED_MAX_OPEN_POSITIONS,890.13201946
1570,2026-02-03,2026-02-04,0.22997011,SKIPPED_MAX_OPEN_POSITIONS,890.13201946
7211,2026-02-04,2026-02-05,0.52525819,SKIPPED_MAX_OPEN_POSITIONS,296.83649734
8306,2026-02-04,2026-02-05,0.49198022,SKIPPED_MAX_OPEN_POSITIONS,296.83649734
4188,2026-02-06,2026-02-09,0.64796337,SKIPPED_MAX_OPEN_POSITIONS,115.28450928
9432,2026-02-09,2026-02-10,0.25428108,SKIPPED_MAX_OPEN_POSITIONS,658.92052789
1570,2026-02-10,2026-02-12,0.63912359,SKIPPED_MAX_OPEN_POSITIONS,658.92052789
8306,2026-02-10,2026-02-12,0.24522747,SKIPPED_MAX_OPEN_POSITIONS,658.92052789
4689,2026-02-13,2026-02-16,0.73925998,SKIPPED_MAX_OPEN_POSITIONS,7353.48725914
4188,2026-02-13,2026-02-16,0.44545677,SKIPPED_MAX_OPEN_POSITIONS,7353.48725914
5020,2026-02-13,2026-02-16,0.24045831,SKIPPED_MAX_OPEN_POSITIONS,7353.48725914
1570,2026-02-13,2026-02-16,0.21568132,SKIPPED_MAX_OPEN_POSITIONS,7353.48725914
7211,2026-02-16,2026-02-17,0.46361562,SKIPPED_MAX_OPEN_POSITIONS,269.30842859
1570,2026-02-16,2026-02-17,0.32541300,SKIPPED_MAX_OPEN_POSITIONS,269.30842859
5020,2026-02-16,2026-02-17,0.19473479,SKIPPED_MAX_OPEN_POSITIONS,269.30842859
7211,2026-02-17,2026-02-18,0.31977712,SKIPPED_MAX_OPEN_POSITIONS,719.81406308
5020,2026-02-17,2026-02-18,0.30831542,SKIPPED_MAX_OPEN_POSITIONS,719.81406308
7211,2026-02-18,2026-02-19,0.35543433,SKIPPED_MAX_OPEN_POSITIONS,719.81406308
4188,2026-02-20,2026-02-24,0.45924869,SKIPPED_MAX_OPEN_POSITIONS,27.77474020
9432,2026-02-20,2026-02-24,0.30272297,SKIPPED_MAX_OPEN_POSITIONS,27.77474020
9432,2026-02-24,2026-02-25,0.25404123,SKIPPED_MAX_OPEN_POSITIONS,54.21405340
8306,2026-02-24,2026-02-25,0.24624470,SKIPPED_MAX_OPEN_POSITIONS,54.21405340
4188,2026-02-25,2026-02-26,0.53946331,SKIPPED_MAX_OPEN_POSITIONS,54.21405340
8306,2026-02-25,2026-02-26,0.46924502,SKIPPED_MAX_OPEN_POSITIONS,54.21405340
5020,2026-02-25,2026-02-26,0.34550990,SKIPPED_MAX_OPEN_POSITIONS,54.21405340
9432,2026-02-25,2026-02-26,0.24536237,SKIPPED_MAX_OPEN_POSITIONS,54.21405340
7267,2026-02-27,2026-03-02,0.48070427,SKIPPED_MAX_OPEN_POSITIONS,499.44398191
8306,2026-02-27,2026-03-02,0.38029025,SKIPPED_MAX_OPEN_POSITIONS,499.44398191
8306,2026-03-03,2026-03-04,0.52154340,SKIPPED_MAX_OPEN_POSITIONS,1548.22624338
7211,2026-03-03,2026-03-04,0.33003400,SKIPPED_MAX_OPEN_POSITIONS,1548.22624338
5020,2026-03-03,2026-03-04,0.22677917,SKIPPED_MAX_OPEN_POSITIONS,1548.22624338
4188,2026-03-04,2026-03-05,0.41513616,SKIPPED_MAX_OPEN_POSITIONS,1233.86537189
9432,2026-03-04,2026-03-05,0.37009457,SKIPPED_MAX_OPEN_POSITIONS,1233.86537189
8306,2026-03-05,2026-03-06,0.91553590,SKIPPED_MAX_OPEN_POSITIONS,1233.86537189
7267,2026-03-05,2026-03-06,0.33310718,SKIPPED_MAX_OPEN_POSITIONS,1233.86537189
7211,2026-03-05,2026-03-06,0.32764364,SKIPPED_MAX_OPEN_POSITIONS,1233.86537189
1570,2026-03-05,2026-03-06,0.26315998,SKIPPED_MAX_OPEN_POSITIONS,1233.86537189
9432,2026-03-05,2026-03-06,0.23103989,SKIPPED_MAX_OPEN_POSITIONS,1233.86537189
5020,2026-03-05,2026-03-06,0.22027887,SKIPPED_MAX_OPEN_POSITIONS,1233.86537189
7267,2026-03-06,2026-03-09,0.53399018,SKIPPED_MAX_OPEN_POSITIONS,560.63128924
7211,2026-03-06,2026-03-09,0.44676628,SKIPPED_MAX_OPEN_POSITIONS,560.63128924
1570,2026-03-06,2026-03-09,0.29353196,SKIPPED_MAX_OPEN_POSITIONS,560.63128924
8306,2026-03-06,2026-03-09,0.19210472,SKIPPED_MAX_OPEN_POSITIONS,560.63128924
1570,2026-03-09,2026-03-10,0.48776882,SKIPPED_MAX_OPEN_POSITIONS,173.39859901
7211,2026-03-09,2026-03-10,0.30396089,SKIPPED_MAX_OPEN_POSITIONS,173.39859901
9432,2026-03-09,2026-03-10,0.23967793,SKIPPED_MAX_OPEN_POSITIONS,173.39859901
1570,2026-03-10,2026-03-11,0.73965201,SKIPPED_MAX_OPEN_POSITIONS,173.39859901
8306,2026-03-10,2026-03-11,0.34978673,SKIPPED_MAX_OPEN_POSITIONS,173.39859901
1570,2026-03-11,2026-03-12,0.42827830,SKIPPED_MAX_OPEN_POSITIONS,583.83602807
7267,2026-03-11,2026-03-12,0.33690845,SKIPPED_MAX_OPEN_POSITIONS,583.83602807
9432,2026-03-11,2026-03-12,0.16719655,SKIPPED_MAX_OPEN_POSITIONS,583.83602807
8306,2026-03-12,2026-03-13,0.70862652,SKIPPED_MAX_OPEN_POSITIONS,583.83602807
7211,2026-03-12,2026-03-13,0.49825973,SKIPPED_MAX_OPEN_POSITIONS,583.83602807
1570,2026-03-12,2026-03-13,0.49052580,SKIPPED_MAX_OPEN_POSITIONS,583.83602807
4188,2026-03-12,2026-03-13,0.42082332,SKIPPED_MAX_OPEN_POSITIONS,583.83602807
8306,2026-03-13,2026-03-16,0.57507648,SKIPPED_MAX_OPEN_POSITIONS,283.97260965
4689,2026-03-13,2026-03-16,0.56970649,SKIPPED_MAX_OPEN_POSITIONS,283.97260965
1570,2026-03-13,2026-03-16,0.29343443,SKIPPED_MAX_OPEN_POSITIONS,283.97260965
9432,2026-03-13,2026-03-16,0.15772675,SKIPPED_MAX_OPEN_POSITIONS,283.97260965
1570,2026-03-16,2026-03-17,0.87980130,SKIPPED_MAX_OPEN_POSITIONS,283.97260965
7211,2026-03-16,2026-03-17,0.54171144,SKIPPED_MAX_OPEN_POSITIONS,283.97260965
8306,2026-03-16,2026-03-17,0.45894409,SKIPPED_MAX_OPEN_POSITIONS,283.97260965
7267,2026-03-16,2026-03-17,0.45149749,SKIPPED_MAX_OPEN_POSITIONS,283.97260965
4188,2026-03-16,2026-03-17,0.43432841,SKIPPED_MAX_OPEN_POSITIONS,283.97260965
5020,2026-03-16,2026-03-17,0.38055183,SKIPPED_MAX_OPEN_POSITIONS,283.97260965
8306,2026-03-17,2026-03-18,0.64836158,SKIPPED_MAX_OPEN_POSITIONS,36888.43148945
4188,2026-03-17,2026-03-18,0.44405414,SKIPPED_MAX_OPEN_POSITIONS,36888.43148945
4188,2026-03-18,2026-03-19,0.79442369,SKIPPED_MAX_OPEN_POSITIONS,36888.43148945
8306,2026-03-18,2026-03-19,0.39989062,SKIPPED_MAX_OPEN_POSITIONS,36888.43148945
8306,2026-03-19,2026-03-23,0.53378423,SKIPPED_MAX_OPEN_POSITIONS,639.20266175
9432,2026-03-19,2026-03-23,0.29287334,SKIPPED_MAX_OPEN_POSITIONS,639.20266175
8306,2026-03-23,2026-03-24,0.40561856,SKIPPED_MAX_OPEN_POSITIONS,355.93115993
1570,2026-03-24,2026-03-25,0.74725631,SKIPPED_MAX_OPEN_POSITIONS,355.93115993
7211,2026-03-24,2026-03-25,0.57364950,SKIPPED_MAX_OPEN_POSITIONS,355.93115993
7267,2026-03-24,2026-03-25,0.46514152,SKIPPED_MAX_OPEN_POSITIONS,355.93115993
9432,2026-03-24,2026-03-25,0.26743768,SKIPPED_MAX_OPEN_POSITIONS,355.93115993
5020,2026-03-24,2026-03-25,0.15038832,SKIPPED_MAX_OPEN_POSITIONS,355.93115993
8306,2026-03-26,2026-03-27,0.17547413,SKIPPED_MAX_OPEN_POSITIONS,776.43758354
4689,2026-03-30,2026-03-31,0.50922086,SKIPPED_MAX_OPEN_POSITIONS,136.77171534
8306,2026-03-30,2026-03-31,0.48660361,SKIPPED_MAX_OPEN_POSITIONS,136.77171534
7211,2026-03-30,2026-03-31,0.46237945,SKIPPED_MAX_OPEN_POSITIONS,136.77171534
8306,2026-03-31,2026-04-01,0.41959740,SKIPPED_MAX_OPEN_POSITIONS,1221.23049134
7211,2026-03-31,2026-04-01,0.40422045,SKIPPED_MAX_OPEN_POSITIONS,1221.23049134
4188,2026-04-01,2026-04-02,0.49639277,SKIPPED_MAX_OPEN_POSITIONS,1221.23049134
9432,2026-04-01,2026-04-02,0.36241336,SKIPPED_MAX_OPEN_POSITIONS,1221.23049134
7211,2026-04-01,2026-04-02,0.33092929,SKIPPED_MAX_OPEN_POSITIONS,1221.23049134
8306,2026-04-01,2026-04-02,0.20939107,SKIPPED_MAX_OPEN_POSITIONS,1221.23049134
8306,2026-04-02,2026-04-03,0.39266309,SKIPPED_MAX_OPEN_POSITIONS,1109.82429134
9432,2026-04-03,2026-04-06,0.33608799,SKIPPED_MAX_OPEN_POSITIONS,1109.82429134
8306,2026-04-03,2026-04-06,0.31040256,SKIPPED_MAX_OPEN_POSITIONS,1109.82429134
8306,2026-04-07,2026-04-08,0.70919253,SKIPPED_MAX_OPEN_POSITIONS,2723.46829134
7211,2026-04-07,2026-04-08,0.40552034,SKIPPED_MAX_OPEN_POSITIONS,2723.46829134
1570,2026-04-07,2026-04-08,0.37879520,SKIPPED_MAX_OPEN_POSITIONS,2723.46829134
9432,2026-04-07,2026-04-08,0.33406457,SKIPPED_MAX_OPEN_POSITIONS,2723.46829134
8306,2026-04-08,2026-04-09,0.33527635,SKIPPED_MAX_OPEN_POSITIONS,25766.35879134
1570,2026-04-09,2026-04-10,0.34339040,SKIPPED_MAX_OPEN_POSITIONS,25766.35879134
9432,2026-04-09,2026-04-10,0.28224191,SKIPPED_MAX_OPEN_POSITIONS,25766.35879134
8306,2026-04-09,2026-04-10,0.26072889,SKIPPED_MAX_OPEN_POSITIONS,25766.35879134
9432,2026-04-10,2026-04-13,0.19613804,SKIPPED_MAX_OPEN_POSITIONS,1974.91254134
4188,2026-04-13,2026-04-14,0.89598365,SKIPPED_MAX_OPEN_POSITIONS,1974.91254134
7211,2026-04-13,2026-04-14,0.70484137,SKIPPED_MAX_OPEN_POSITIONS,1974.91254134
8306,2026-04-13,2026-04-14,0.41773710,SKIPPED_MAX_OPEN_POSITIONS,1974.91254134
9432,2026-04-13,2026-04-14,0.23465153,SKIPPED_MAX_OPEN_POSITIONS,1974.91254134
1570,2026-04-13,2026-04-14,0.21007764,SKIPPED_MAX_OPEN_POSITIONS,1974.91254134
9432,2026-04-14,2026-04-15,0.30303891,SKIPPED_MAX_OPEN_POSITIONS,823.45054134
5020,2026-04-14,2026-04-15,0.15234944,SKIPPED_MAX_OPEN_POSITIONS,823.45054134
8306,2026-04-15,2026-04-16,0.36734533,SKIPPED_MAX_OPEN_POSITIONS,823.45054134
5020,2026-04-15,2026-04-16,0.19689280,SKIPPED_MAX_OPEN_POSITIONS,823.45054134
9432,2026-04-16,2026-04-17,0.46370780,SKIPPED_MAX_OPEN_POSITIONS,17065.94279134
1570,2026-04-17,2026-04-20,0.52601353,SKIPPED_MAX_OPEN_POSITIONS,17065.94279134
8306,2026-04-17,2026-04-20,0.19262966,SKIPPED_MAX_OPEN_POSITIONS,17065.94279134
1570,2026-04-20,2026-04-21,0.30259420,SKIPPED_MAX_OPEN_POSITIONS,330.38165385
8306,2026-04-20,2026-04-21,0.17459645,SKIPPED_MAX_OPEN_POSITIONS,330.38165385
5020,2026-04-20,2026-04-21,0.16967046,SKIPPED_MAX_OPEN_POSITIONS,330.38165385
8306,2026-04-21,2026-04-22,0.55829483,SKIPPED_MAX_OPEN_POSITIONS,330.38165385
5020,2026-04-21,2026-04-22,0.26764955,SKIPPED_MAX_OPEN_POSITIONS,330.38165385
9432,2026-04-22,2026-04-23,0.31715720,SKIPPED_MAX_OPEN_POSITIONS,1612.87883854
9432,2026-04-23,2026-04-24,0.63727382,SKIPPED_MAX_OPEN_POSITIONS,1612.87883854
4188,2026-04-23,2026-04-24,0.46001533,SKIPPED_MAX_OPEN_POSITIONS,1612.87883854
8306,2026-04-23,2026-04-24,0.36095235,SKIPPED_MAX_OPEN_POSITIONS,1612.87883854
7211,2026-04-24,2026-04-27,0.32174191,SKIPPED_MAX_OPEN_POSITIONS,2188.11908854
9432,2026-04-24,2026-04-27,0.22372042,SKIPPED_MAX_OPEN_POSITIONS,2188.11908854
8306,2026-04-27,2026-04-28,0.25623787,SKIPPED_MAX_OPEN_POSITIONS,2188.11908854
4188,2026-04-28,2026-04-30,0.46446241,SKIPPED_MAX_OPEN_POSITIONS,101.60575799
8306,2026-04-28,2026-04-30,0.16239358,SKIPPED_MAX_OPEN_POSITIONS,101.60575799
4188,2026-04-30,2026-05-01,0.42007068,SKIPPED_MAX_OPEN_POSITIONS,101.60575799
8306,2026-04-30,2026-05-01,0.15469539,SKIPPED_MAX_OPEN_POSITIONS,101.60575799
9432,2026-05-01,2026-05-07,0.51064804,SKIPPED_MAX_OPEN_POSITIONS,523.85775799
7211,2026-05-01,2026-05-07,0.45241374,SKIPPED_MAX_OPEN_POSITIONS,523.85775799
8306,2026-05-01,2026-05-07,0.32581260,SKIPPED_MAX_OPEN_POSITIONS,523.85775799
8306,2026-05-07,2026-05-08,0.31732749,SKIPPED_MAX_OPEN_POSITIONS,523.85775799
9432,2026-05-07,2026-05-08,0.17134295,SKIPPED_MAX_OPEN_POSITIONS,523.85775799
8306,2026-05-08,2026-05-11,0.51054441,SKIPPED_MAX_OPEN_POSITIONS,313.32527210
9432,2026-05-08,2026-05-11,0.40627053,SKIPPED_MAX_OPEN_POSITIONS,313.32527210
1570,2026-05-08,2026-05-11,0.28851165,SKIPPED_MAX_OPEN_POSITIONS,313.32527210
8306,2026-05-11,2026-05-12,0.33572999,SKIPPED_MAX_OPEN_POSITIONS,313.32527210
9432,2026-05-12,2026-05-13,0.36936287,SKIPPED_MAX_OPEN_POSITIONS,76.19604280
1570,2026-05-12,2026-05-13,0.22417111,SKIPPED_MAX_OPEN_POSITIONS,76.19604280
1570,2026-05-13,2026-05-14,0.24784735,SKIPPED_MAX_OPEN_POSITIONS,76.19604280
8306,2026-05-13,2026-05-14,0.24073823,SKIPPED_MAX_OPEN_POSITIONS,76.19604280
9432,2026-05-13,2026-05-14,0.17611297,SKIPPED_MAX_OPEN_POSITIONS,76.19604280
5020,2026-05-13,2026-05-14,0.16626933,SKIPPED_MAX_OPEN_POSITIONS,76.19604280
7211,2026-05-15,2026-05-18,0.74061353,SKIPPED_MAX_OPEN_POSITIONS,661.97669280
7267,2026-05-15,2026-05-18,0.48474223,SKIPPED_MAX_OPEN_POSITIONS,661.97669280
8306,2026-05-15,2026-05-18,0.23415047,SKIPPED_MAX_OPEN_POSITIONS,661.97669280
5020,2026-05-15,2026-05-18,0.20730806,SKIPPED_MAX_OPEN_POSITIONS,661.97669280
1570,2026-05-18,2026-05-19,0.52728095,SKIPPED_MAX_OPEN_POSITIONS,109.94463939
7211,2026-05-19,2026-05-20,0.37419579,SKIPPED_NO_FUTURE_DATA,189234.20173819
