Code,Fold,TargetPercent,StopLossPercent,Threshold,ValidationProfit,ValidationTrades,ValidationWins,TrainLastFeatureDate,TrainLastLabelConfirmedDate,ValidationFrom,ValidationTo,SelectionBasis,TestProfitDiagnosticOnly,TestTradesDiagnosticOnly,TestFromDiagnosticOnly,TestToDiagnosticOnly
1570,1,2.50000000,3.00000000,0.20000000,42523.34178534,25,17,2023-03-07,2023-03-09,2023-03-10,2023-09-08,VALIDATION_PORTFOLIO_COORDINATE_SEARCH,-21519.87451190,5,2023-09-11,2024-03-15
1570,2,2.50000000,3.00000000,0.20000000,-33185.56533884,11,5,2023-09-06,2023-09-08,2023-09-11,2024-03-15,VALIDATION_PORTFOLIO_COORDINATE_SEARCH,-166.65407565,28,2024-03-18,2024-09-17
1570,3,2.50000000,3.00000000,0.20000000,34919.87659841,25,15,2024-03-13,2024-03-15,2024-03-18,2024-09-17,VALIDATION_PORTFOLIO_COORDINATE_SEARCH,-40777.19664945,32,2024-09-18,2025-03-27
4188,1,1.00000000,2.00000000,0.40000000,25269.06724576,22,15,2023-03-07,2023-03-09,2023-03-10,2023-09-08,VALIDATION_PORTFOLIO_COORDINATE_SEARCH,-51590.34564643,24,2023-09-11,2024-03-15
4188,2,1.00000000,2.00000000,0.40000000,-28334.33625065,20,8,2023-09-06,2023-09-08,2023-09-11,2024-03-15,VALIDATION_PORTFOLIO_COORDINATE_SEARCH,3822.90673945,26,2024-03-18,2024-09-17
4188,3,1.00000000,2.00000000,0.40000000,24371.40160984,23,12,2024-03-13,2024-03-15,2024-03-18,2024-09-17,VALIDATION_PORTFOLIO_COORDINATE_SEARCH,-27313.39891195,24,2024-09-18,2025-03-27
4689,1,1.50000000,2.00000000,0.50000000,52033.95953901,9,5,2023-03-07,2023-03-09,2023-03-10,2023-09-08,VALIDATION_PORTFOLIO_COORDINATE_SEARCH,9532.06374452,19,2023-09-11,2024-03-15
4689,2,1.50000000,2.00000000,0.50000000,18313.21200357,18,11,2023-09-07,2023-09-08,2023-09-11,2024-03-15,VALIDATION_PORTFOLIO_COORDINATE_SEARCH,-8009.07801293,15,2024-03-18,2024-09-17
4689,3,1.50000000,2.00000000,0.50000000,-18330.03693376,9,4,2024-03-13,2024-03-15,2024-03-18,2024-09-17,VALIDATION_PORTFOLIO_COORDINATE_SEARCH,7224.09621339,7,2024-09-18,2025-03-27
5020,1,2.00000000,3.00000000,0.15000000,-19218.82359821,4,1,2023-03-07,2023-03-09,2023-03-10,2023-09-08,VALIDATION_PORTFOLIO_COORDINATE_SEARCH,2677.57077113,6,2023-09-11,2024-03-15
5020,2,2.00000000,3.00000000,0.15000000,24817.52752989,5,5,2023-09-06,2023-09-08,2023-09-11,2024-03-15,VALIDATION_PORTFOLIO_COORDINATE_SEARCH,34430.91679883,9,2024-03-18,2024-09-17
5020,3,2.00000000,3.00000000,0.15000000,65344.07664645,16,11,2024-03-13,2024-03-15,2024-03-18,2024-09-17,VALIDATION_PORTFOLIO_COORDINATE_SEARCH,27640.41667528,11,2024-09-18,2025-03-27
7211,1,1.00000000,3.00000000,0.30000000,25473.95356695,42,20,2023-03-07,2023-03-09,2023-03-10,2023-09-08,VALIDATION_PORTFOLIO_COORDINATE_SEARCH,-41168.56295164,54,2023-09-11,2024-03-15
7211,2,1.00000000,3.00000000,0.30000000,-90823.72180241,55,22,2023-09-06,2023-09-08,2023-09-11,2024-03-15,VALIDATION_PORTFOLIO_COORDINATE_SEARCH,-79994.15952663,53,2024-03-18,2024-09-17
7211,3,1.00000000,3.00000000,0.30000000,10418.28771321,68,30,2024-03-13,2024-03-15,2024-03-18,2024-09-17,VALIDATION_PORTFOLIO_COORDINATE_SEARCH,76725.45733718,55,2024-09-18,2025-03-27
7267,1,2.00000000,2.00000000,0.30000000,5412.55828768,1,1,2023-03-07,2023-03-09,2023-03-10,2023-09-08,VALIDATION_PORTFOLIO_COORDINATE_SEARCH,10466.55132918,4,2023-09-11,2024-03-15
7267,2,2.00000000,2.00000000,0.30000000,15082.63769195,6,4,2023-09-06,2023-09-08,2023-09-11,2024-03-15,VALIDATION_PORTFOLIO_COORDINATE_SEARCH,14744.96295688,6,2024-03-18,2024-09-17
7267,3,2.00000000,2.00000000,0.30000000,23587.62330750,9,5,2024-03-13,2024-03-15,2024-03-18,2024-09-17,VALIDATION_PORTFOLIO_COORDINATE_SEARCH,-25515.81198239,11,2024-09-18,2025-03-27
8306,1,1.00000000,5.00000000,0.15000000,28356.78045446,75,42,2023-03-07,2023-03-09,2023-03-10,2023-09-08,VALIDATION_PORTFOLIO_COORDINATE_SEARCH,93092.69860768,56,2023-09-11,2024-03-15
8306,2,1.00000000,5.00000000,0.15000000,92075.51372516,59,38,2023-09-06,2023-09-08,2023-09-11,2024-03-15,VALIDATION_PORTFOLIO_COORDINATE_SEARCH,33626.95921741,76,2024-03-18,2024-09-17
8306,3,1.00000000,5.00000000,0.15000000,8375.83678220,80,39,2024-03-13,2024-03-15,2024-03-18,2024-09-17,VALIDATION_PORTFOLIO_COORDINATE_SEARCH,59952.02444747,80,2024-09-18,2025-03-27
9432,1,1.00000000,2.00000000,0.15000000,17737.49413025,49,24,2023-03-07,2023-03-09,2023-03-10,2023-09-08,VALIDATION_PORTFOLIO_COORDINATE_SEARCH,7272.96791792,36,2023-09-11,2024-03-15
9432,2,1.00000000,2.00000000,0.15000000,36745.60663512,38,25,2023-09-06,2023-09-08,2023-09-11,2024-03-15,VALIDATION_PORTFOLIO_COORDINATE_SEARCH,-21760.06863375,36,2024-03-18,2024-09-17
9432,3,1.00000000,2.00000000,0.15000000,-24617.93817312,50,24,2024-03-13,2024-03-15,2024-03-18,2024-09-17,VALIDATION_PORTFOLIO_COORDINATE_SEARCH,12466.69739015,50,2024-09-18,2025-03-27
