code,signal_date,prob,is_signal
1570,2025-04-01,0.55637825,True
4188,2025-04-01,0.53335266,True
4689,2025-04-01,0.01394744,False
5020,2025-04-01,0.71869256,True
7211,2025-04-01,0.06420892,False
7267,2025-04-01,0.00414186,False
8306,2025-04-01,0.74829812,True
9432,2025-04-01,0.00813852,False
1570,2025-04-02,0.24510507,False
4188,2025-04-02,0.14583195,False
4689,2025-04-02,0.00142470,False
5020,2025-04-02,0.13712046,False
7211,2025-04-02,0.07866807,False
7267,2025-04-02,0.00217351,False
8306,2025-04-02,0.91284516,True
9432,2025-04-02,0.00005592,False
1570,2025-04-03,0.69169090,True
4188,2025-04-03,0.04828665,False
4689,2025-04-03,0.14068154,False
5020,2025-04-03,0.62734780,True
7211,2025-04-03,0.05220855,False
7267,2025-04-03,0.00242460,False
8306,2025-04-03,0.79599093,True
9432,2025-04-03,0.00018012,False
1570,2025-04-04,0.63450460,True
4188,2025-04-04,0.12023417,False
4689,2025-04-04,0.02981760,False
5020,2025-04-04,0.67499474,True
7211,2025-04-04,0.03137647,False
7267,2025-04-04,0.03425250,False
8306,2025-04-04,0.45581903,True
9432,2025-04-04,0.00019217,False
1570,2025-04-07,0.56693514,True
4188,2025-04-07,0.95597759,True
4689,2025-04-07,0.00290254,False
5020,2025-04-07,0.90429863,True
7211,2025-04-07,0.21919238,False
7267,2025-04-07,0.03739374,False
8306,2025-04-07,0.17436311,True
9432,2025-04-07,0.00000345,False
1570,2025-04-08,0.69441363,True
4188,2025-04-08,0.92895626,True
4689,2025-04-08,0.00290115,False
5020,2025-04-08,0.88151309,True
7211,2025-04-08,0.07309707,False
7267,2025-04-08,0.04443617,False
8306,2025-04-08,0.70055747,True
9432,2025-04-08,0.00007223,False
1570,2025-04-09,0.28770038,False
4188,2025-04-09,0.43555786,True
4689,2025-04-09,0.01109406,False
5020,2025-04-09,0.78888567,True
7211,2025-04-09,0.02274933,False
7267,2025-04-09,0.03349568,False
8306,2025-04-09,0.54096491,True
9432,2025-04-09,0.00015603,False
1570,2025-04-10,0.46526155,True
4188,2025-04-10,0.62234946,True
4689,2025-04-10,0.01665982,False
5020,2025-04-10,0.66193980,True
7211,2025-04-10,0.41216479,True
7267,2025-04-10,0.01791212,False
8306,2025-04-10,0.35344505,True
9432,2025-04-10,0.01994409,False
1570,2025-04-11,0.47397560,True
4188,2025-04-11,0.51706231,True
4689,2025-04-11,0.00282693,False
5020,2025-04-11,0.82438118,True
7211,2025-04-11,0.40195655,True
7267,2025-04-11,0.03960041,False
8306,2025-04-11,0.45315083,True
9432,2025-04-11,0.00013915,False
1570,2025-04-14,0.53778409,True
4188,2025-04-14,0.80223052,True
4689,2025-04-14,0.00988097,False
5020,2025-04-14,0.75849174,True
7211,2025-04-14,0.37599461,True
7267,2025-04-14,0.05571625,False
8306,2025-04-14,0.91014151,True
9432,2025-04-14,0.00728552,False
1570,2025-04-15,0.24004357,False
4188,2025-04-15,0.38027009,True
4689,2025-04-15,0.02827175,False
5020,2025-04-15,0.61108755,True
7211,2025-04-15,0.33813026,True
7267,2025-04-15,0.00884564,False
8306,2025-04-15,0.60171251,True
9432,2025-04-15,0.00014996,False
1570,2025-04-16,0.14163064,False
4188,2025-04-16,0.40068738,True
4689,2025-04-16,0.04566589,False
5020,2025-04-16,0.31860569,True
7211,2025-04-16,0.28520187,False
7267,2025-04-16,0.00325925,False
8306,2025-04-16,0.30892116,True
9432,2025-04-16,0.00358758,False
1570,2025-04-17,0.23103819,False
4188,2025-04-17,0.16024001,True
4689,2025-04-17,0.01084764,False
5020,2025-04-17,0.73556988,True
7211,2025-04-17,0.05474455,False
7267,2025-04-17,0.00464591,False
8306,2025-04-17,0.68544023,True
9432,2025-04-17,0.00960239,False
1570,2025-04-18,0.24387364,False
4188,2025-04-18,0.19622521,True
4689,2025-04-18,0.00123038,False
5020,2025-04-18,0.67212464,True
7211,2025-04-18,0.09766823,False
7267,2025-04-18,0.03861324,False
8306,2025-04-18,0.73092481,True
9432,2025-04-18,0.00007473,False
1570,2025-04-21,0.09082598,False
4188,2025-04-21,0.20179231,True
4689,2025-04-21,0.01356189,False
5020,2025-04-21,0.07833807,False
7211,2025-04-21,0.40787594,True
7267,2025-04-21,0.00248385,False
8306,2025-04-21,0.55561502,True
9432,2025-04-21,0.00027704,False
1570,2025-04-22,0.31526456,False
4188,2025-04-22,0.08850972,False
4689,2025-04-22,0.03017457,False
5020,2025-04-22,0.46584820,True
7211,2025-04-22,0.24248075,False
7267,2025-04-22,0.00237716,False
8306,2025-04-22,0.30558178,True
9432,2025-04-22,0.00031982,False
1570,2025-04-23,0.15147127,False
4188,2025-04-23,0.24512765,True
4689,2025-04-23,0.00585048,False
5020,2025-04-23,0.07054954,False
7211,2025-04-23,0.08485173,False
7267,2025-04-23,0.00336833,False
8306,2025-04-23,0.12359256,False
9432,2025-04-23,0.00013633,False
1570,2025-04-24,0.13979420,False
4188,2025-04-24,0.04246960,False
4689,2025-04-24,0.07838534,False
5020,2025-04-24,0.10618658,False
7211,2025-04-24,0.00992485,False
7267,2025-04-24,0.03072773,False
8306,2025-04-24,0.05498908,False
9432,2025-04-24,0.01404681,False
1570,2025-04-25,0.26997217,False
4188,2025-04-25,0.04261954,False
4689,2025-04-25,0.01303815,False
5020,2025-04-25,0.18725418,True
7211,2025-04-25,0.04211047,False
7267,2025-04-25,0.00077136,False
8306,2025-04-25,0.04721147,False
9432,2025-04-25,0.00215967,False
1570,2025-04-28,0.49416490,True
4188,2025-04-28,0.07741534,False
4689,2025-04-28,0.03309890,False
5020,2025-04-28,0.17482291,True
7211,2025-04-28,0.15698520,False
7267,2025-04-28,0.01558288,False
8306,2025-04-28,0.50056483,True
9432,2025-04-28,0.00010389,False
1570,2025-04-30,0.29730585,False
4188,2025-04-30,0.26896770,True
4689,2025-04-30,0.41213826,True
5020,2025-04-30,0.22441419,True
7211,2025-04-30,0.07954872,False
7267,2025-04-30,0.01131527,False
8306,2025-04-30,0.59561125,True
9432,2025-04-30,0.00076586,False
1570,2025-05-01,0.28213249,False
4188,2025-05-01,0.38761234,True
4689,2025-05-01,0.28410860,True
5020,2025-05-01,0.26946952,True
7211,2025-05-01,0.03357733,False
7267,2025-05-01,0.00020622,False
8306,2025-05-01,0.07584352,False
9432,2025-05-01,0.00018239,False
1570,2025-05-02,0.40498350,True
4188,2025-05-02,0.23702480,True
4689,2025-05-02,0.09860611,False
5020,2025-05-02,0.49737355,True
7211,2025-05-02,0.00746943,False
7267,2025-05-02,0.00423398,False
8306,2025-05-02,0.25027444,True
9432,2025-05-02,0.00009657,False
1570,2025-05-07,0.25749516,False
4188,2025-05-07,0.76821693,True
4689,2025-05-07,0.13654017,False
5020,2025-05-07,0.38395944,True
7211,2025-05-07,0.12142566,False
7267,2025-05-07,0.00037120,False
8306,2025-05-07,0.08339182,False
9432,2025-05-07,0.00013846,False
1570,2025-05-08,0.05312887,False
4188,2025-05-08,0.40896993,True
4689,2025-05-08,0.34507285,True
5020,2025-05-08,0.06876030,False
7211,2025-05-08,0.14635803,False
7267,2025-05-08,0.00140833,False
8306,2025-05-08,0.17194518,True
9432,2025-05-08,0.00009480,False
1570,2025-05-09,0.13090004,False
4188,2025-05-09,0.27711276,True
4689,2025-05-09,0.23964965,True
5020,2025-05-09,0.25461963,True
7211,2025-05-09,0.00883504,False
7267,2025-05-09,0.00025476,False
8306,2025-05-09,0.08443291,False
9432,2025-05-09,0.00119002,False
1570,2025-05-12,0.13317793,False
4188,2025-05-12,0.00242726,False
4689,2025-05-12,0.07073522,False
5020,2025-05-12,0.88333638,True
7211,2025-05-12,0.07229371,False
7267,2025-05-12,0.00112817,False
8306,2025-05-12,0.13028953,False
9432,2025-05-12,0.00009187,False
1570,2025-05-13,0.34066647,False
4188,2025-05-13,0.66848338,True
4689,2025-05-13,0.10832308,False
5020,2025-05-13,0.44443486,True
7211,2025-05-13,0.24012015,False
7267,2025-05-13,0.00016277,False
8306,2025-05-13,0.09374542,False
9432,2025-05-13,0.00007004,False
1570,2025-05-14,0.65691514,True
4188,2025-05-14,0.10176256,False
4689,2025-05-14,0.01474667,False
5020,2025-05-14,0.42183882,True
7211,2025-05-14,0.14694491,False
7267,2025-05-14,0.00168191,False
8306,2025-05-14,0.15333045,True
9432,2025-05-14,0.00004670,False
1570,2025-05-15,0.29395891,False
4188,2025-05-15,0.09339168,False
4689,2025-05-15,0.00128804,False
5020,2025-05-15,0.24909833,True
7211,2025-05-15,0.04756087,False
7267,2025-05-15,0.00389810,False
8306,2025-05-15,0.15060792,True
9432,2025-05-15,0.00120599,False
1570,2025-05-16,0.22090475,False
4188,2025-05-16,0.08280349,False
4689,2025-05-16,0.00663274,False
5020,2025-05-16,0.08179452,False
7211,2025-05-16,0.46498121,True
7267,2025-05-16,0.00069720,False
8306,2025-05-16,0.01137522,False
9432,2025-05-16,0.00001407,False
1570,2025-05-19,0.05357187,False
4188,2025-05-19,0.02046706,False
4689,2025-05-19,0.05398930,False
5020,2025-05-19,0.27345493,True
7211,2025-05-19,0.07867954,False
7267,2025-05-19,0.00987137,False
8306,2025-05-19,0.02648177,False
9432,2025-05-19,0.00714894,False
1570,2025-05-20,0.03420526,False
4188,2025-05-20,0.08187670,False
4689,2025-05-20,0.01358871,False
5020,2025-05-20,0.59494811,True
7211,2025-05-20,0.05009101,False
7267,2025-05-20,0.00066230,False
8306,2025-05-20,0.02008966,False
9432,2025-05-20,0.00409626,False
1570,2025-05-21,0.22357099,False
4188,2025-05-21,0.03102121,False
4689,2025-05-21,0.00496465,False
5020,2025-05-21,0.44496306,True
7211,2025-05-21,0.08750990,False
7267,2025-05-21,0.00425192,False
8306,2025-05-21,0.14992671,False
9432,2025-05-21,0.00294827,False
1570,2025-05-22,0.03339916,False
4188,2025-05-22,0.09560546,False
4689,2025-05-22,0.00369333,False
5020,2025-05-22,0.16593389,True
7211,2025-05-22,0.02606510,False
7267,2025-05-22,0.00111542,False
8306,2025-05-22,0.06059621,False
9432,2025-05-22,0.00271736,False
1570,2025-05-23,0.07020853,False
4188,2025-05-23,0.03530813,False
4689,2025-05-23,0.00215713,False
5020,2025-05-23,0.23837510,True
7211,2025-05-23,0.14047668,False
7267,2025-05-23,0.00162731,False
8306,2025-05-23,0.05836755,False
9432,2025-05-23,0.00059349,False
1570,2025-05-26,0.11733063,False
4188,2025-05-26,0.02649690,False
4689,2025-05-26,0.00143472,False
5020,2025-05-26,0.05023871,False
7211,2025-05-26,0.11427888,False
7267,2025-05-26,0.01494261,False
8306,2025-05-26,0.04580377,False
9432,2025-05-26,0.00010939,False
1570,2025-05-27,0.18720653,False
4188,2025-05-27,0.15356507,True
4689,2025-05-27,0.00193046,False
5020,2025-05-27,0.08481595,False
7211,2025-05-27,0.00646093,False
7267,2025-05-27,0.07869924,False
8306,2025-05-27,0.03237392,False
9432,2025-05-27,0.00005657,False
1570,2025-05-28,0.07481564,False
4188,2025-05-28,0.03223314,False
4689,2025-05-28,0.00030921,False
5020,2025-05-28,0.06998186,False
7211,2025-05-28,0.12097108,False
7267,2025-05-28,0.00262561,False
8306,2025-05-28,0.29394453,True
9432,2025-05-28,0.02452052,False
1570,2025-05-29,0.17596668,False
4188,2025-05-29,0.28113207,True
4689,2025-05-29,0.00045743,False
5020,2025-05-29,0.18973413,True
7211,2025-05-29,0.07115807,False
7267,2025-05-29,0.00169201,False
8306,2025-05-29,0.02103318,False
9432,2025-05-29,0.00015818,False
1570,2025-05-30,0.09031382,False
4188,2025-05-30,0.28711571,True
4689,2025-05-30,0.00277939,False
5020,2025-05-30,0.29806848,True
7211,2025-05-30,0.01007321,False
7267,2025-05-30,0.00981833,False
8306,2025-05-30,0.06295054,False
9432,2025-05-30,0.02180656,False
1570,2025-06-02,0.04489640,False
4188,2025-06-02,0.04246547,False
4689,2025-06-02,0.00059827,False
5020,2025-06-02,0.31683276,True
7211,2025-06-02,0.00453429,False
7267,2025-06-02,0.00463401,False
8306,2025-06-02,0.34087990,True
9432,2025-06-02,0.00002568,False
1570,2025-06-03,0.43682875,True
4188,2025-06-03,0.14425214,False
4689,2025-06-03,0.00229952,False
5020,2025-06-03,0.26721360,True
7211,2025-06-03,0.00834174,False
7267,2025-06-03,0.00328221,False
8306,2025-06-03,0.09338987,False
9432,2025-06-03,0.00034672,False
1570,2025-06-04,0.19366738,False
4188,2025-06-04,0.06484125,False
4689,2025-06-04,0.00100821,False
5020,2025-06-04,0.73207465,True
7211,2025-06-04,0.00983603,False
7267,2025-06-04,0.00281420,False
8306,2025-06-04,0.08526649,False
9432,2025-06-04,0.00243194,False
1570,2025-06-05,0.38143277,False
4188,2025-06-05,0.06971637,False
4689,2025-06-05,0.00112536,False
5020,2025-06-05,0.23071619,True
7211,2025-06-05,0.00884198,False
7267,2025-06-05,0.00491844,False
8306,2025-06-05,0.27573516,True
9432,2025-06-05,0.00638273,False
1570,2025-06-06,0.55775852,True
4188,2025-06-06,0.16336124,True
4689,2025-06-06,0.00018293,False
5020,2025-06-06,0.33955588,True
7211,2025-06-06,0.07052434,False
7267,2025-06-06,0.00344293,False
8306,2025-06-06,0.17886680,True
9432,2025-06-06,0.01306174,False
1570,2025-06-09,0.14723888,False
4188,2025-06-09,0.04028458,False
4689,2025-06-09,0.00061808,False
5020,2025-06-09,0.09997430,False
7211,2025-06-09,0.25686522,False
7267,2025-06-09,0.01656058,False
8306,2025-06-09,0.29153618,True
9432,2025-06-09,0.00020749,False
1570,2025-06-10,0.16554545,False
4188,2025-06-10,0.03725189,False
4689,2025-06-10,0.00191956,False
5020,2025-06-10,0.04670384,False
7211,2025-06-10,0.57126891,True
7267,2025-06-10,0.02447526,False
8306,2025-06-10,0.45922978,True
9432,2025-06-10,0.00383010,False
1570,2025-06-11,0.10721749,False
4188,2025-06-11,0.21070453,True
4689,2025-06-11,0.00074903,False
5020,2025-06-11,0.18749636,True
7211,2025-06-11,0.01369930,False
7267,2025-06-11,0.00300816,False
8306,2025-06-11,0.43925598,True
9432,2025-06-11,0.00004561,False
1570,2025-06-12,0.42690446,True
4188,2025-06-12,0.06290095,False
4689,2025-06-12,0.00037613,False
5020,2025-06-12,0.36707560,True
7211,2025-06-12,0.04701569,False
7267,2025-06-12,0.01255727,False
8306,2025-06-12,0.22164994,True
9432,2025-06-12,0.00007504,False
1570,2025-06-13,0.03109738,False
4188,2025-06-13,0.23586764,True
4689,2025-06-13,0.00141352,False
5020,2025-06-13,0.03785905,False
7211,2025-06-13,0.00836984,False
7267,2025-06-13,0.00308513,False
8306,2025-06-13,0.11486158,False
9432,2025-06-13,0.00001508,False
1570,2025-06-16,0.23506827,False
4188,2025-06-16,0.09014526,False
4689,2025-06-16,0.00062021,False
5020,2025-06-16,0.00584093,False
7211,2025-06-16,0.00977220,False
7267,2025-06-16,0.00009468,False
8306,2025-06-16,0.31364478,True
9432,2025-06-16,0.00028096,False
1570,2025-06-17,0.20296257,False
4188,2025-06-17,0.03176843,False
4689,2025-06-17,0.00083867,False
5020,2025-06-17,0.07543052,False
7211,2025-06-17,0.04443368,False
7267,2025-06-17,0.00264997,False
8306,2025-06-17,0.55741034,True
9432,2025-06-17,0.00011141,False
1570,2025-06-18,0.15637766,False
4188,2025-06-18,0.01577000,False
4689,2025-06-18,0.01916679,False
5020,2025-06-18,0.07488733,False
7211,2025-06-18,0.00520472,False
7267,2025-06-18,0.01450651,False
8306,2025-06-18,0.60645600,True
9432,2025-06-18,0.00034738,False
1570,2025-06-19,0.19432986,False
4188,2025-06-19,0.21239098,True
4689,2025-06-19,0.00518518,False
5020,2025-06-19,0.05246528,False
7211,2025-06-19,0.67436034,True
7267,2025-06-19,0.00222533,False
8306,2025-06-19,0.45748857,True
9432,2025-06-19,0.00049194,False
1570,2025-06-20,0.62960395,True
4188,2025-06-20,0.03158546,False
4689,2025-06-20,0.03669987,False
5020,2025-06-20,0.07991185,False
7211,2025-06-20,0.19655178,False
7267,2025-06-20,0.00573669,False
8306,2025-06-20,0.23799514,True
9432,2025-06-20,0.00018218,False
1570,2025-06-23,0.73408916,True
4188,2025-06-23,0.00543880,False
4689,2025-06-23,0.02531377,False
5020,2025-06-23,0.15256147,True
7211,2025-06-23,0.04425330,False
7267,2025-06-23,0.00378411,False
8306,2025-06-23,0.31467898,True
9432,2025-06-23,0.00013087,False
1570,2025-06-24,0.09935739,False
4188,2025-06-24,0.04961041,False
4689,2025-06-24,0.00369131,False
5020,2025-06-24,0.02481960,False
7211,2025-06-24,0.06593306,False
7267,2025-06-24,0.00130052,False
8306,2025-06-24,0.29891146,True
9432,2025-06-24,0.00007038,False
1570,2025-06-25,0.04080584,False
4188,2025-06-25,0.12564118,False
4689,2025-06-25,0.00097541,False
5020,2025-06-25,0.02199099,False
7211,2025-06-25,0.10781208,False
7267,2025-06-25,0.00211292,False
8306,2025-06-25,0.23982792,True
9432,2025-06-25,0.00002691,False
1570,2025-06-26,0.11159405,False
4188,2025-06-26,0.52216130,True
4689,2025-06-26,0.00602214,False
5020,2025-06-26,0.04884976,False
7211,2025-06-26,0.31906757,True
7267,2025-06-26,0.00084516,False
8306,2025-06-26,0.04297121,False
9432,2025-06-26,0.00002661,False
1570,2025-06-27,0.81564141,True
4188,2025-06-27,0.08736935,False
4689,2025-06-27,0.00084193,False
5020,2025-06-27,0.44943767,True
7211,2025-06-27,0.01750552,False
7267,2025-06-27,0.00030404,False
8306,2025-06-27,0.15352086,True
9432,2025-06-27,0.00003459,False
1570,2025-06-30,0.51277304,True
4188,2025-06-30,0.11231794,False
4689,2025-06-30,0.00761749,False
5020,2025-06-30,0.14409418,False
7211,2025-06-30,0.20233231,False
7267,2025-06-30,0.00548398,False
8306,2025-06-30,0.19290056,True
9432,2025-06-30,0.01669285,False
1570,2025-07-01,0.65185696,True
4188,2025-07-01,0.06531258,False
4689,2025-07-01,0.01618499,False
5020,2025-07-01,0.23078997,True
7211,2025-07-01,0.12727309,False
7267,2025-07-01,0.00108389,False
8306,2025-07-01,0.39578964,True
9432,2025-07-01,0.00014029,False
1570,2025-07-02,0.15178746,False
4188,2025-07-02,0.08273430,False
4689,2025-07-02,0.03034737,False
5020,2025-07-02,0.27714970,True
7211,2025-07-02,0.05713128,False
7267,2025-07-02,0.00012262,False
8306,2025-07-02,0.39601269,True
9432,2025-07-02,0.00692394,False
1570,2025-07-03,0.30040005,False
4188,2025-07-03,0.02754139,False
4689,2025-07-03,0.00307061,False
5020,2025-07-03,0.24906180,True
7211,2025-07-03,0.25969170,False
7267,2025-07-03,0.00189320,False
8306,2025-07-03,0.15888417,True
9432,2025-07-03,0.00049720,False
1570,2025-07-04,0.10799558,False
4188,2025-07-04,0.14376547,False
4689,2025-07-04,0.12801598,False
5020,2025-07-04,0.22176125,True
7211,2025-07-04,0.15926193,False
7267,2025-07-04,0.00298155,False
8306,2025-07-04,0.47874561,True
9432,2025-07-04,0.00155173,False
1570,2025-07-07,0.56774393,True
4188,2025-07-07,0.03947870,False
4689,2025-07-07,0.01014582,False
5020,2025-07-07,0.06788446,False
7211,2025-07-07,0.00347842,False
7267,2025-07-07,0.00617034,False
8306,2025-07-07,0.08157048,False
9432,2025-07-07,0.00004804,False
1570,2025-07-08,0.31248003,False
4188,2025-07-08,0.02163234,False
4689,2025-07-08,0.00328614,False
5020,2025-07-08,0.20579255,True
7211,2025-07-08,0.12664753,False
7267,2025-07-08,0.00184725,False
8306,2025-07-08,0.47892214,True
9432,2025-07-08,0.00056735,False
1570,2025-07-09,0.04811095,False
4188,2025-07-09,0.06491592,False
4689,2025-07-09,0.00040531,False
5020,2025-07-09,0.03559180,False
7211,2025-07-09,0.10152931,False
7267,2025-07-09,0.00091706,False
8306,2025-07-09,0.02852208,False
9432,2025-07-09,0.00449009,False
1570,2025-07-10,0.15119809,False
4188,2025-07-10,0.09110592,False
4689,2025-07-10,0.00107701,False
5020,2025-07-10,0.02072873,False
7211,2025-07-10,0.13143727,False
7267,2025-07-10,0.00056746,False
8306,2025-07-10,0.08164861,False
9432,2025-07-10,0.01035160,False
1570,2025-07-11,0.64252468,True
4188,2025-07-11,0.14276790,False
4689,2025-07-11,0.00326422,False
5020,2025-07-11,0.22926650,True
7211,2025-07-11,0.15120300,False
7267,2025-07-11,0.00083927,False
8306,2025-07-11,0.04144211,False
9432,2025-07-11,0.00117662,False
1570,2025-07-14,0.05623072,False
4188,2025-07-14,0.00231537,False
4689,2025-07-14,0.04474380,False
5020,2025-07-14,0.08891611,False
7211,2025-07-14,0.01759845,False
7267,2025-07-14,0.00267836,False
8306,2025-07-14,0.12770401,False
9432,2025-07-14,0.00021773,False
1570,2025-07-15,0.14855814,False
4188,2025-07-15,0.02887263,False
4689,2025-07-15,0.00163294,False
5020,2025-07-15,0.07761528,False
7211,2025-07-15,0.13420090,False
7267,2025-07-15,0.00165729,False
8306,2025-07-15,0.03123155,False
9432,2025-07-15,0.00015941,False
1570,2025-07-16,0.08005310,False
4188,2025-07-16,0.11220208,False
4689,2025-07-16,0.00135905,False
5020,2025-07-16,0.34546820,True
7211,2025-07-16,0.10990103,False
7267,2025-07-16,0.00084103,False
8306,2025-07-16,0.30952611,True
9432,2025-07-16,0.00005035,False
1570,2025-07-17,0.08158723,False
4188,2025-07-17,0.06124326,False
4689,2025-07-17,0.00256276,False
5020,2025-07-17,0.16112363,True
7211,2025-07-17,0.48543613,True
7267,2025-07-17,0.00034463,False
8306,2025-07-17,0.45870551,True
9432,2025-07-17,0.00005579,False
1570,2025-07-18,0.35962565,False
4188,2025-07-18,0.00746621,False
4689,2025-07-18,0.00646981,False
5020,2025-07-18,0.17742549,True
7211,2025-07-18,0.29656903,False
7267,2025-07-18,0.00013826,False
8306,2025-07-18,0.08312536,False
9432,2025-07-18,0.00004326,False
1570,2025-07-22,0.15152814,False
4188,2025-07-22,0.00362372,False
4689,2025-07-22,0.00197325,False
5020,2025-07-22,0.40888423,True
7211,2025-07-22,0.20738531,False
7267,2025-07-22,0.00839703,False
8306,2025-07-22,0.05396177,False
9432,2025-07-22,0.00006368,False
1570,2025-07-23,0.75263644,True
4188,2025-07-23,0.22753049,True
4689,2025-07-23,0.00025058,False
5020,2025-07-23,0.01920962,False
7211,2025-07-23,0.02600199,False
7267,2025-07-23,0.00476919,False
8306,2025-07-23,0.14212379,False
9432,2025-07-23,0.00020208,False
1570,2025-07-24,0.44312712,True
4188,2025-07-24,0.65249593,True
4689,2025-07-24,0.00111607,False
5020,2025-07-24,0.04088333,False
7211,2025-07-24,0.01521696,False
7267,2025-07-24,0.05801584,False
8306,2025-07-24,0.84842927,True
9432,2025-07-24,0.00012475,False
1570,2025-07-25,0.02579544,False
4188,2025-07-25,0.24069039,True
4689,2025-07-25,0.00333161,False
5020,2025-07-25,0.31867471,True
7211,2025-07-25,0.08392867,False
7267,2025-07-25,0.07683082,False
8306,2025-07-25,0.20186057,True
9432,2025-07-25,0.00057565,False
1570,2025-07-28,0.06814382,False
4188,2025-07-28,0.24312238,True
4689,2025-07-28,0.00341637,False
5020,2025-07-28,0.10473795,False
7211,2025-07-28,0.15705014,False
7267,2025-07-28,0.03392194,False
8306,2025-07-28,0.43254393,True
9432,2025-07-28,0.00084210,False
1570,2025-07-29,0.10460977,False
4188,2025-07-29,0.47233188,True
4689,2025-07-29,0.09633194,False
5020,2025-07-29,0.30217600,True
7211,2025-07-29,0.33721074,True
7267,2025-07-29,0.00064993,False
8306,2025-07-29,0.14131195,False
9432,2025-07-29,0.01132418,False
1570,2025-07-30,0.26056657,False
4188,2025-07-30,0.07072349,False
4689,2025-07-30,0.01509732,False
5020,2025-07-30,0.62205403,True
7211,2025-07-30,0.05659564,False
7267,2025-07-30,0.00127283,False
8306,2025-07-30,0.18223611,True
9432,2025-07-30,0.00124551,False
1570,2025-07-31,0.43221380,True
4188,2025-07-31,0.07797146,False
4689,2025-07-31,0.00695667,False
5020,2025-07-31,0.59482948,True
7211,2025-07-31,0.00531467,False
7267,2025-07-31,0.00086629,False
8306,2025-07-31,0.28390503,True
9432,2025-07-31,0.00052245,False
1570,2025-08-01,0.39141422,False
4188,2025-08-01,0.34976829,True
4689,2025-08-01,0.01340610,False
5020,2025-08-01,0.30934941,True
7211,2025-08-01,0.01372911,False
7267,2025-08-01,0.00290999,False
8306,2025-08-01,0.21824821,True
9432,2025-08-01,0.00023376,False
1570,2025-08-04,0.10398635,False
4188,2025-08-04,0.01800308,False
4689,2025-08-04,0.00545431,False
5020,2025-08-04,0.34742603,True
7211,2025-08-04,0.21232711,False
7267,2025-08-04,0.00220341,False
8306,2025-08-04,0.26670625,True
9432,2025-08-04,0.00003058,False
1570,2025-08-05,0.15005071,False
4188,2025-08-05,0.05211510,False
4689,2025-08-05,0.29312876,True
5020,2025-08-05,0.64099062,True
7211,2025-08-05,0.35477308,True
7267,2025-08-05,0.00263436,False
8306,2025-08-05,0.10618936,False
9432,2025-08-05,0.00039655,False
1570,2025-08-06,0.12989778,False
4188,2025-08-06,0.02837472,False
4689,2025-08-06,0.03231205,False
5020,2025-08-06,0.05528055,False
7211,2025-08-06,0.14277766,False
7267,2025-08-06,0.00121132,False
8306,2025-08-06,0.09480568,False
9432,2025-08-06,0.00048578,False
1570,2025-08-07,0.10335909,False
4188,2025-08-07,0.01099297,False
4689,2025-08-07,0.02255597,False
5020,2025-08-07,0.06643454,False
7211,2025-08-07,0.16508197,False
7267,2025-08-07,0.00067019,False
8306,2025-08-07,0.40618392,True
9432,2025-08-07,0.00062591,False
1570,2025-08-08,0.01319476,False
4188,2025-08-08,0.09781345,False
4689,2025-08-08,0.02520070,False
5020,2025-08-08,0.21143834,True
7211,2025-08-08,0.26692025,False
7267,2025-08-08,0.00144920,False
8306,2025-08-08,0.50997762,True
9432,2025-08-08,0.00028262,False
1570,2025-08-12,0.66961664,True
4188,2025-08-12,0.62161096,True
4689,2025-08-12,0.05029263,False
5020,2025-08-12,0.22076918,True
7211,2025-08-12,0.17054396,False
7267,2025-08-12,0.00583311,False
8306,2025-08-12,0.15780983,True
9432,2025-08-12,0.00158395,False
1570,2025-08-13,0.24161161,False
4188,2025-08-13,0.35683962,True
4689,2025-08-13,0.03034620,False
5020,2025-08-13,0.24724707,True
7211,2025-08-13,0.13369442,False
7267,2025-08-13,0.00948315,False
8306,2025-08-13,0.33930211,True
9432,2025-08-13,0.00012584,False
1570,2025-08-14,0.36745818,False
4188,2025-08-14,0.04747325,False
4689,2025-08-14,0.02436886,False
5020,2025-08-14,0.61674477,True
7211,2025-08-14,0.24560738,False
7267,2025-08-14,0.00032266,False
8306,2025-08-14,0.13424959,False
9432,2025-08-14,0.00007185,False
1570,2025-08-15,0.43548777,True
4188,2025-08-15,0.15895983,True
4689,2025-08-15,0.05032762,False
5020,2025-08-15,0.52690013,True
7211,2025-08-15,0.01087284,False
7267,2025-08-15,0.00075924,False
8306,2025-08-15,0.22523545,True
9432,2025-08-15,0.00002258,False
1570,2025-08-18,0.17287317,False
4188,2025-08-18,0.13489847,False
4689,2025-08-18,0.03343441,False
5020,2025-08-18,0.27704187,True
7211,2025-08-18,0.05480292,False
7267,2025-08-18,0.00078857,False
8306,2025-08-18,0.06247215,False
9432,2025-08-18,0.00015891,False
1570,2025-08-19,0.49663467,True
4188,2025-08-19,0.07702664,False
4689,2025-08-19,0.00790033,False
5020,2025-08-19,0.03996076,False
7211,2025-08-19,0.08504311,False
7267,2025-08-19,0.01607608,False
8306,2025-08-19,0.03399778,False
9432,2025-08-19,0.00013509,False
1570,2025-08-20,0.05781694,False
4188,2025-08-20,0.01344057,False
4689,2025-08-20,0.01034105,False
5020,2025-08-20,0.00887283,False
7211,2025-08-20,0.07330208,False
7267,2025-08-20,0.00181891,False
8306,2025-08-20,0.01183761,False
9432,2025-08-20,0.00006831,False
1570,2025-08-21,0.11926031,False
4188,2025-08-21,0.37880464,True
4689,2025-08-21,0.01260138,False
5020,2025-08-21,0.07835900,False
7211,2025-08-21,0.04417080,False
7267,2025-08-21,0.00017375,False
8306,2025-08-21,0.04328039,False
9432,2025-08-21,0.00008501,False
1570,2025-08-22,0.06065901,False
4188,2025-08-22,0.04533425,False
4689,2025-08-22,0.01560553,False
5020,2025-08-22,0.04637352,False
7211,2025-08-22,0.02004412,False
7267,2025-08-22,0.00059070,False
8306,2025-08-22,0.03017652,False
9432,2025-08-22,0.00010982,False
1570,2025-08-25,0.08081684,False
4188,2025-08-25,0.05839688,False
4689,2025-08-25,0.00125440,False
5020,2025-08-25,0.10765194,False
7211,2025-08-25,0.06695585,False
7267,2025-08-25,0.00469266,False
8306,2025-08-25,0.14626136,False
9432,2025-08-25,0.00038192,False
1570,2025-08-26,0.07406421,False
4188,2025-08-26,0.01130930,False
4689,2025-08-26,0.00079239,False
5020,2025-08-26,0.16659153,True
7211,2025-08-26,0.05004533,False
7267,2025-08-26,0.00908872,False
8306,2025-08-26,0.66345725,True
9432,2025-08-26,0.00041510,False
1570,2025-08-27,0.09500395,False
4188,2025-08-27,0.00358913,False
4689,2025-08-27,0.00209735,False
5020,2025-08-27,0.36131499,True
7211,2025-08-27,0.01103275,False
7267,2025-08-27,0.02030764,False
8306,2025-08-27,0.80935210,True
9432,2025-08-27,0.00021490,False
1570,2025-08-28,0.38387090,False
4188,2025-08-28,0.07808635,False
4689,2025-08-28,0.00114712,False
5020,2025-08-28,0.57918807,True
7211,2025-08-28,0.01788111,False
7267,2025-08-28,0.03185137,False
8306,2025-08-28,0.36933869,True
9432,2025-08-28,0.00004017,False
1570,2025-08-29,0.19703626,False
4188,2025-08-29,0.16318459,True
4689,2025-08-29,0.01108516,False
5020,2025-08-29,0.90619111,True
7211,2025-08-29,0.00840857,False
7267,2025-08-29,0.00325342,False
8306,2025-08-29,0.61108325,True
9432,2025-08-29,0.00076912,False
1570,2025-09-01,0.35960044,False
4188,2025-09-01,0.00751821,False
4689,2025-09-01,0.03423673,False
5020,2025-09-01,0.53419591,True
7211,2025-09-01,0.03742581,False
7267,2025-09-01,0.00211223,False
8306,2025-09-01,0.56379589,True
9432,2025-09-01,0.00301594,False
1570,2025-09-02,0.06328215,False
4188,2025-09-02,0.23521449,True
4689,2025-09-02,0.03835312,False
5020,2025-09-02,0.30066022,True
7211,2025-09-02,0.10510423,False
7267,2025-09-02,0.00032759,False
8306,2025-09-02,0.31320725,True
9432,2025-09-02,0.00038195,False
1570,2025-09-03,0.13044043,False
4188,2025-09-03,0.00873241,False
4689,2025-09-03,0.00474037,False
5020,2025-09-03,0.54189133,True
7211,2025-09-03,0.08603918,False
7267,2025-09-03,0.00164481,False
8306,2025-09-03,0.80074823,True
9432,2025-09-03,0.00004072,False
1570,2025-09-04,0.17318364,False
4188,2025-09-04,0.00731332,False
4689,2025-09-04,0.00165380,False
5020,2025-09-04,0.57550330,True
7211,2025-09-04,0.35026054,True
7267,2025-09-04,0.00297308,False
8306,2025-09-04,0.69198253,True
9432,2025-09-04,0.00144194,False
1570,2025-09-05,0.05719176,False
4188,2025-09-05,0.10913998,False
4689,2025-09-05,0.01000779,False
5020,2025-09-05,0.41716413,True
7211,2025-09-05,0.04551208,False
7267,2025-09-05,0.00054229,False
8306,2025-09-05,0.28651005,True
9432,2025-09-05,0.00079072,False
1570,2025-09-08,0.08120027,False
4188,2025-09-08,0.03719143,False
4689,2025-09-08,0.00818618,False
5020,2025-09-08,0.20072405,True
7211,2025-09-08,0.24445683,False
7267,2025-09-08,0.00143404,False
8306,2025-09-08,0.49165753,True
9432,2025-09-08,0.00011062,False
1570,2025-09-09,0.29609777,False
4188,2025-09-09,0.00443623,False
4689,2025-09-09,0.16274482,False
5020,2025-09-09,0.33021235,True
7211,2025-09-09,0.03492796,False
7267,2025-09-09,0.01915500,False
8306,2025-09-09,0.17929989,True
9432,2025-09-09,0.00067652,False
1570,2025-09-10,0.07084083,False
4188,2025-09-10,0.04921766,False
4689,2025-09-10,0.00866427,False
5020,2025-09-10,0.26457374,True
7211,2025-09-10,0.06852519,False
7267,2025-09-10,0.00131587,False
8306,2025-09-10,0.74218196,True
9432,2025-09-10,0.00010014,False
1570,2025-09-11,0.07775995,False
4188,2025-09-11,0.00445738,False
4689,2025-09-11,0.02501668,False
5020,2025-09-11,0.03895129,False
7211,2025-09-11,0.10074942,False
7267,2025-09-11,0.00082055,False
8306,2025-09-11,0.27662318,True
9432,2025-09-11,0.00014638,False
1570,2025-09-12,0.09882958,False
4188,2025-09-12,0.00575000,False
4689,2025-09-12,0.00841955,False
5020,2025-09-12,0.04104260,False
7211,2025-09-12,0.20743127,False
7267,2025-09-12,0.00551313,False
8306,2025-09-12,0.23240444,True
9432,2025-09-12,0.00024960,False
1570,2025-09-16,0.37870162,False
4188,2025-09-16,0.00463561,False
4689,2025-09-16,0.08827990,False
5020,2025-09-16,0.07730764,False
7211,2025-09-16,0.11472462,False
7267,2025-09-16,0.00150884,False
8306,2025-09-16,0.34673200,True
9432,2025-09-16,0.00008337,False
1570,2025-09-17,0.68539626,True
4188,2025-09-17,0.00311550,False
4689,2025-09-17,0.03278679,False
5020,2025-09-17,0.11596335,False
7211,2025-09-17,0.48240197,True
7267,2025-09-17,0.03962812,False
8306,2025-09-17,0.28826201,True
9432,2025-09-17,0.00102783,False
1570,2025-09-18,0.64515721,True
4188,2025-09-18,0.00808301,False
4689,2025-09-18,0.07010377,False
5020,2025-09-18,0.37411739,True
7211,2025-09-18,0.29352152,False
7267,2025-09-18,0.01635484,False
8306,2025-09-18,0.17794735,True
9432,2025-09-18,0.00269138,False
1570,2025-09-19,0.10851637,False
4188,2025-09-19,0.15006170,True
4689,2025-09-19,0.00570799,False
5020,2025-09-19,0.88829003,True
7211,2025-09-19,0.15947094,False
7267,2025-09-19,0.00732279,False
8306,2025-09-19,0.22873048,True
9432,2025-09-19,0.00027690,False
1570,2025-09-22,0.20966208,False
4188,2025-09-22,0.09276791,False
4689,2025-09-22,0.05253006,False
5020,2025-09-22,0.12887478,False
7211,2025-09-22,0.09520080,False
7267,2025-09-22,0.00188305,False
8306,2025-09-22,0.50235906,True
9432,2025-09-22,0.00036587,False
1570,2025-09-24,0.30446985,False
4188,2025-09-24,0.06491136,False
4689,2025-09-24,0.02344893,False
5020,2025-09-24,0.06641542,False
7211,2025-09-24,0.16287834,False
7267,2025-09-24,0.00426217,False
8306,2025-09-24,0.36998593,True
9432,2025-09-24,0.00026510,False
1570,2025-09-25,0.19885913,False
4188,2025-09-25,0.02408220,False
4689,2025-09-25,0.02880147,False
5020,2025-09-25,0.21129626,True
7211,2025-09-25,0.01037903,False
7267,2025-09-25,0.00123985,False
8306,2025-09-25,0.48388744,True
9432,2025-09-25,0.02809772,False
1570,2025-09-26,0.02771907,False
4188,2025-09-26,0.03098906,False
4689,2025-09-26,0.04726154,False
5020,2025-09-26,0.30284585,True
7211,2025-09-26,0.14582724,False
7267,2025-09-26,0.00029495,False
8306,2025-09-26,0.27289661,True
9432,2025-09-26,0.00011087,False
1570,2025-09-29,0.04812665,False
4188,2025-09-29,0.02098836,False
4689,2025-09-29,0.00955246,False
5020,2025-09-29,0.10500988,False
7211,2025-09-29,0.11719646,False
7267,2025-09-29,0.11563334,False
8306,2025-09-29,0.04691717,False
9432,2025-09-29,0.00016772,False
1570,2025-09-30,0.01470657,False
4188,2025-09-30,0.11410736,False
4689,2025-09-30,0.00655259,False
5020,2025-09-30,0.33568429,True
7211,2025-09-30,0.03491321,False
7267,2025-09-30,0.00459758,False
8306,2025-09-30,0.53168436,True
9432,2025-09-30,0.00056493,False
1570,2025-10-01,0.17129961,False
4188,2025-10-01,0.00346319,False
4689,2025-10-01,0.03614198,False
5020,2025-10-01,0.10791085,False
7211,2025-10-01,0.04105337,False
7267,2025-10-01,0.00237832,False
8306,2025-10-01,0.26668390,True
9432,2025-10-01,0.00131070,False
1570,2025-10-02,0.02584083,False
4188,2025-10-02,0.02036727,False
4689,2025-10-02,0.28423742,True
5020,2025-10-02,0.47620404,True
7211,2025-10-02,0.02481547,False
7267,2025-10-02,0.00137358,False
8306,2025-10-02,0.59391891,True
9432,2025-10-02,0.00010427,False
1570,2025-10-03,0.11808009,False
4188,2025-10-03,0.02909111,False
4689,2025-10-03,0.04573395,False
5020,2025-10-03,0.03701907,False
7211,2025-10-03,0.01289416,False
7267,2025-10-03,0.00701904,False
8306,2025-10-03,0.13647572,False
9432,2025-10-03,0.00015520,False
1570,2025-10-06,0.68274277,True
4188,2025-10-06,0.10299854,False
4689,2025-10-06,0.00486525,False
5020,2025-10-06,0.41004844,True
7211,2025-10-06,0.03060420,False
7267,2025-10-06,0.00145773,False
8306,2025-10-06,0.32641554,True
9432,2025-10-06,0.00003156,False
1570,2025-10-07,0.32816027,False
4188,2025-10-07,0.30913442,True
4689,2025-10-07,0.02133882,False
5020,2025-10-07,0.68216441,True
7211,2025-10-07,0.04418366,False
7267,2025-10-07,0.00919413,False
8306,2025-10-07,0.01609530,False
9432,2025-10-07,0.00010303,False
1570,2025-10-08,0.00741995,False
4188,2025-10-08,0.03778258,False
4689,2025-10-08,0.00631799,False
5020,2025-10-08,0.30101380,True
7211,2025-10-08,0.03556454,False
7267,2025-10-08,0.02166941,False
8306,2025-10-08,0.24343447,True
9432,2025-10-08,0.00011362,False
1570,2025-10-09,0.10772813,False
4188,2025-10-09,0.07599409,False
4689,2025-10-09,0.00228399,False
5020,2025-10-09,0.64716365,True
7211,2025-10-09,0.00885768,False
7267,2025-10-09,0.04160796,False
8306,2025-10-09,0.32353437,True
9432,2025-10-09,0.00003319,False
1570,2025-10-10,0.29415794,False
4188,2025-10-10,0.26083379,True
4689,2025-10-10,0.00315638,False
5020,2025-10-10,0.18259787,True
7211,2025-10-10,0.01206463,False
7267,2025-10-10,0.00830616,False
8306,2025-10-10,0.07328581,False
9432,2025-10-10,0.00005394,False
1570,2025-10-14,0.04844491,False
4188,2025-10-14,0.03241990,False
4689,2025-10-14,0.01386058,False
5020,2025-10-14,0.10003525,False
7211,2025-10-14,0.02127979,False
7267,2025-10-14,0.00100011,False
8306,2025-10-14,0.53154702,True
9432,2025-10-14,0.00033520,False
1570,2025-10-15,0.27806139,False
4188,2025-10-15,0.31279616,True
4689,2025-10-15,0.00238860,False
5020,2025-10-15,0.15268932,True
7211,2025-10-15,0.04217177,False
7267,2025-10-15,0.00029894,False
8306,2025-10-15,0.33087879,True
9432,2025-10-15,0.00032632,False
1570,2025-10-16,0.13840213,False
4188,2025-10-16,0.38388873,True
4689,2025-10-16,0.00224435,False
5020,2025-10-16,0.30571290,True
7211,2025-10-16,0.18987959,False
7267,2025-10-16,0.00057285,False
8306,2025-10-16,0.65240236,True
9432,2025-10-16,0.00053960,False
1570,2025-10-17,0.38512808,False
4188,2025-10-17,0.73371558,True
4689,2025-10-17,0.01772667,False
5020,2025-10-17,0.25967986,True
7211,2025-10-17,0.15490174,False
7267,2025-10-17,0.00248479,False
8306,2025-10-17,0.50214578,True
9432,2025-10-17,0.00058094,False
1570,2025-10-20,0.36019393,False
4188,2025-10-20,0.08042750,False
4689,2025-10-20,0.00119748,False
5020,2025-10-20,0.50558738,True
7211,2025-10-20,0.02005569,False
7267,2025-10-20,0.00049956,False
8306,2025-10-20,0.37904528,True
9432,2025-10-20,0.00005922,False
1570,2025-10-21,0.37176302,False
4188,2025-10-21,0.17240386,True
4689,2025-10-21,0.00311661,False
5020,2025-10-21,0.06105769,False
7211,2025-10-21,0.06874463,False
7267,2025-10-21,0.00021839,False
8306,2025-10-21,0.29601060,True
9432,2025-10-21,0.00097535,False
1570,2025-10-22,0.03809968,False
4188,2025-10-22,0.22344049,True
4689,2025-10-22,0.00899993,False
5020,2025-10-22,0.49524925,True
7211,2025-10-22,0.10067225,False
7267,2025-10-22,0.00165326,False
8306,2025-10-22,0.02742467,False
9432,2025-10-22,0.00008195,False
1570,2025-10-23,0.30390767,False
4188,2025-10-23,0.33717420,True
4689,2025-10-23,0.00888866,False
5020,2025-10-23,0.20154385,True
7211,2025-10-23,0.10878707,False
7267,2025-10-23,0.01757187,False
8306,2025-10-23,0.08511515,False
9432,2025-10-23,0.00000826,False
4188,2025-10-24,0.12524879,False
4689,2025-10-24,0.03207646,False
5020,2025-10-24,0.48211036,True
7211,2025-10-24,0.05042345,False
7267,2025-10-24,0.70184945,True
8306,2025-10-24,0.50668460,True
9432,2025-10-24,0.00014021,False
1570,2025-10-27,0.42927521,True
4188,2025-10-27,0.01972553,False
4689,2025-10-27,0.05265778,False
5020,2025-10-27,0.03759986,False
7211,2025-10-27,0.00972658,False
7267,2025-10-27,0.00091249,False
8306,2025-10-27,0.60658474,True
9432,2025-10-27,0.00068396,False
1570,2025-10-28,0.29036251,False
4188,2025-10-28,0.42857832,True
4689,2025-10-28,0.01916833,False
5020,2025-10-28,0.07681016,False
7211,2025-10-28,0.00185119,False
7267,2025-10-28,0.02863309,False
8306,2025-10-28,0.63610139,True
9432,2025-10-28,0.00000694,False
1570,2025-10-29,0.26621721,False
4188,2025-10-29,0.35272254,True
4689,2025-10-29,0.00096028,False
5020,2025-10-29,0.05647385,False
7211,2025-10-29,0.13275712,False
7267,2025-10-29,0.02038901,False
8306,2025-10-29,0.28028360,True
9432,2025-10-29,0.00006286,False
1570,2025-10-30,0.26672874,False
4188,2025-10-30,0.17834819,True
4689,2025-10-30,0.00173047,False
5020,2025-10-30,0.07062952,False
7211,2025-10-30,0.07525393,False
7267,2025-10-30,0.00044218,False
8306,2025-10-30,0.31976102,True
9432,2025-10-30,0.04752694,False
1570,2025-10-31,0.17352688,False
4188,2025-10-31,0.14007533,False
4689,2025-10-31,0.00656862,False
5020,2025-10-31,0.47221750,True
7211,2025-10-31,0.07906079,False
7267,2025-10-31,0.00053844,False
8306,2025-10-31,0.35327337,True
9432,2025-10-31,0.00203691,False
1570,2025-11-04,0.18309770,False
4188,2025-11-04,0.28072140,True
4689,2025-11-04,0.00179910,False
5020,2025-11-04,0.04664000,False
7211,2025-11-04,0.22600231,False
7267,2025-11-04,0.00265780,False
8306,2025-11-04,0.07406385,False
9432,2025-11-04,0.00878537,False
1570,2025-11-05,0.33124255,False
4188,2025-11-05,0.18644513,True
4689,2025-11-05,0.06609860,False
5020,2025-11-05,0.32587248,True
7211,2025-11-05,0.03268619,False
7267,2025-11-05,0.00047469,False
8306,2025-11-05,0.19322415,True
9432,2025-11-05,0.00027142,False
1570,2025-11-06,0.57244011,True
4188,2025-11-06,0.19297528,True
4689,2025-11-06,0.03149122,False
5020,2025-11-06,0.15314311,True
7211,2025-11-06,0.09927671,False
7267,2025-11-06,0.01157080,False
8306,2025-11-06,0.56689684,True
9432,2025-11-06,0.03556502,False
1570,2025-11-07,0.26687448,False
4188,2025-11-07,0.08279213,False
4689,2025-11-07,0.11364202,False
5020,2025-11-07,0.05647700,False
7211,2025-11-07,0.07050407,False
7267,2025-11-07,0.00072085,False
8306,2025-11-07,0.47024944,True
9432,2025-11-07,0.00018331,False
1570,2025-11-10,0.28274142,False
4188,2025-11-10,0.01055465,False
4689,2025-11-10,0.00051856,False
5020,2025-11-10,0.02182119,False
7211,2025-11-10,0.00555100,False
7267,2025-11-10,0.00367721,False
8306,2025-11-10,0.38437882,True
9432,2025-11-10,0.00101139,False
1570,2025-11-11,0.22222735,False
4188,2025-11-11,0.08107583,False
4689,2025-11-11,0.00622832,False
5020,2025-11-11,0.41549440,True
7211,2025-11-11,0.02997673,False
7267,2025-11-11,0.00073735,False
8306,2025-11-11,0.24626455,True
9432,2025-11-11,0.00040227,False
1570,2025-11-12,0.48977081,True
4188,2025-11-12,0.12078366,False
4689,2025-11-12,0.00291562,False
5020,2025-11-12,0.14224878,False
7211,2025-11-12,0.01396179,False
7267,2025-11-12,0.00118634,False
8306,2025-11-12,0.21338928,True
9432,2025-11-12,0.00004017,False
1570,2025-11-13,0.26540637,False
4188,2025-11-13,0.06377312,False
4689,2025-11-13,0.01229132,False
5020,2025-11-13,0.38914936,True
7211,2025-11-13,0.01579375,False
7267,2025-11-13,0.01124203,False
8306,2025-11-13,0.63184041,True
9432,2025-11-13,0.00000605,False
1570,2025-11-14,0.23565283,False
4188,2025-11-14,0.03388158,False
4689,2025-11-14,0.00627015,False
5020,2025-11-14,0.06011155,False
7211,2025-11-14,0.01253223,False
7267,2025-11-14,0.00361430,False
8306,2025-11-14,0.68549336,True
9432,2025-11-14,0.00016583,False
1570,2025-11-17,0.34134613,False
4188,2025-11-17,0.08269442,False
4689,2025-11-17,0.00139438,False
5020,2025-11-17,0.23726892,True
7211,2025-11-17,0.01519687,False
7267,2025-11-17,0.00728210,False
8306,2025-11-17,0.16583507,True
9432,2025-11-17,0.00031081,False
1570,2025-11-18,0.07467823,False
4188,2025-11-18,0.16258677,True
4689,2025-11-18,0.00078505,False
5020,2025-11-18,0.15452504,True
7211,2025-11-18,0.22700223,False
7267,2025-11-18,0.08813782,False
8306,2025-11-18,0.25478506,True
9432,2025-11-18,0.00003503,False
1570,2025-11-19,0.42834203,True
4188,2025-11-19,0.11521740,False
4689,2025-11-19,0.00291428,False
5020,2025-11-19,0.09591925,False
7211,2025-11-19,0.27702107,False
7267,2025-11-19,0.00718518,False
8306,2025-11-19,0.14474091,False
9432,2025-11-19,0.00008428,False
1570,2025-11-20,0.22975349,False
4188,2025-11-20,0.03647704,False
4689,2025-11-20,0.00068254,False
5020,2025-11-20,0.41701390,True
7211,2025-11-20,0.10509941,False
7267,2025-11-20,0.00111904,False
8306,2025-11-20,0.13320445,False
9432,2025-11-20,0.00015159,False
1570,2025-11-21,0.32321182,False
4188,2025-11-21,0.30631095,True
4689,2025-11-21,0.00051339,False
5020,2025-11-21,0.33496829,True
7211,2025-11-21,0.03526408,False
7267,2025-11-21,0.00138211,False
8306,2025-11-21,0.13701816,False
9432,2025-11-21,0.00000515,False
1570,2025-11-25,0.30538975,False
4188,2025-11-25,0.04993697,False
4689,2025-11-25,0.00032923,False
5020,2025-11-25,0.27237674,True
7211,2025-11-25,0.11134957,False
7267,2025-11-25,0.00253712,False
8306,2025-11-25,0.09172476,False
9432,2025-11-25,0.00005872,False
1570,2025-11-26,0.27382678,False
4188,2025-11-26,0.00171307,False
4689,2025-11-26,0.01284906,False
5020,2025-11-26,0.15233440,True
7211,2025-11-26,0.01758876,False
7267,2025-11-26,0.00144988,False
8306,2025-11-26,0.20260967,True
9432,2025-11-26,0.00012212,False
1570,2025-11-27,0.01977464,False
4188,2025-11-27,0.01998158,False
4689,2025-11-27,0.00098046,False
5020,2025-11-27,0.28838710,True
7211,2025-11-27,0.03135767,False
7267,2025-11-27,0.00129503,False
8306,2025-11-27,0.12370158,False
9432,2025-11-27,0.00007626,False
1570,2025-11-28,0.01240761,False
4188,2025-11-28,0.03356294,False
4689,2025-11-28,0.00026392,False
5020,2025-11-28,0.18324158,True
7211,2025-11-28,0.00548195,False
7267,2025-11-28,0.00400294,False
8306,2025-11-28,0.02141790,False
9432,2025-11-28,0.00024354,False
1570,2025-12-01,0.46832792,True
4188,2025-12-01,0.05611635,False
4689,2025-12-01,0.00086067,False
5020,2025-12-01,0.37750901,True
7211,2025-12-01,0.03156362,False
7267,2025-12-01,0.00367299,False
8306,2025-12-01,0.51751848,True
9432,2025-12-01,0.00040360,False
1570,2025-12-02,0.65991900,True
4188,2025-12-02,0.01672515,False
4689,2025-12-02,0.01481788,False
5020,2025-12-02,0.06525978,False
7211,2025-12-02,0.01737147,False
7267,2025-12-02,0.00259939,False
8306,2025-12-02,0.45433872,True
9432,2025-12-02,0.00045296,False
1570,2025-12-03,0.14572288,False
4188,2025-12-03,0.08080966,False
4689,2025-12-03,0.00038966,False
5020,2025-12-03,0.18053176,True
7211,2025-12-03,0.23501706,False
7267,2025-12-03,0.00042185,False
8306,2025-12-03,0.05683875,False
9432,2025-12-03,0.00847003,False
1570,2025-12-04,0.13125314,False
4188,2025-12-04,0.35263561,True
4689,2025-12-04,0.00483508,False
5020,2025-12-04,0.11202666,False
7211,2025-12-04,0.00696300,False
7267,2025-12-04,0.00047609,False
8306,2025-12-04,0.08308301,False
9432,2025-12-04,0.00009753,False
1570,2025-12-05,0.05864329,False
4188,2025-12-05,0.05398694,False
4689,2025-12-05,0.00258544,False
5020,2025-12-05,0.19494705,True
7211,2025-12-05,0.22771526,False
7267,2025-12-05,0.00093646,False
8306,2025-12-05,0.23149788,True
9432,2025-12-05,0.00007110,False
1570,2025-12-08,0.27082116,False
4188,2025-12-08,0.34729108,True
4689,2025-12-08,0.04231647,False
5020,2025-12-08,0.20631204,True
7211,2025-12-08,0.47249938,True
7267,2025-12-08,0.00223966,False
8306,2025-12-08,0.27188382,True
9432,2025-12-08,0.00681828,False
1570,2025-12-09,0.37019434,False
4188,2025-12-09,0.03716952,False
4689,2025-12-09,0.00036252,False
5020,2025-12-09,0.07330553,False
7211,2025-12-09,0.07923555,False
7267,2025-12-09,0.09221987,False
8306,2025-12-09,0.22808876,True
9432,2025-12-09,0.00349282,False
1570,2025-12-10,0.40448865,True
4188,2025-12-10,0.01423064,False
4689,2025-12-10,0.00469033,False
5020,2025-12-10,0.58560570,True
7211,2025-12-10,0.06633029,False
7267,2025-12-10,0.00154216,False
8306,2025-12-10,0.19034670,True
9432,2025-12-10,0.00084475,False
1570,2025-12-11,0.35365566,False
4188,2025-12-11,0.01562144,False
4689,2025-12-11,0.00731048,False
5020,2025-12-11,0.13653192,False
7211,2025-12-11,0.20570310,False
7267,2025-12-11,0.00302773,False
8306,2025-12-11,0.30792478,True
9432,2025-12-11,0.00013212,False
1570,2025-12-12,0.26330066,False
4188,2025-12-12,0.15604203,True
4689,2025-12-12,0.00172553,False
5020,2025-12-12,0.07322134,False
7211,2025-12-12,0.01781993,False
7267,2025-12-12,0.00063378,False
8306,2025-12-12,0.17075429,True
9432,2025-12-12,0.01716028,False
1570,2025-12-15,0.03635223,False
4188,2025-12-15,0.61295588,True
4689,2025-12-15,0.00142181,False
5020,2025-12-15,0.33705214,True
7211,2025-12-15,0.04381989,False
7267,2025-12-15,0.00120945,False
8306,2025-12-15,0.02595135,False
9432,2025-12-15,0.00006600,False
1570,2025-12-16,0.10191892,False
4188,2025-12-16,0.17330729,True
4689,2025-12-16,0.00047344,False
5020,2025-12-16,0.07314335,False
7211,2025-12-16,0.02949653,False
7267,2025-12-16,0.00279953,False
8306,2025-12-16,0.46166815,True
9432,2025-12-16,0.00144364,False
1570,2025-12-17,0.10121548,False
4188,2025-12-17,0.03398948,False
4689,2025-12-17,0.00401374,False
5020,2025-12-17,0.03104674,False
7211,2025-12-17,0.03366658,False
7267,2025-12-17,0.00545716,False
8306,2025-12-17,0.19189669,True
9432,2025-12-17,0.02002952,False
1570,2025-12-18,0.10144802,False
4188,2025-12-18,0.14471329,False
4689,2025-12-18,0.00516134,False
5020,2025-12-18,0.15025868,True
7211,2025-12-18,0.15492879,False
7267,2025-12-18,0.00453026,False
8306,2025-12-18,0.28895014,True
9432,2025-12-18,0.00021152,False
1570,2025-12-19,0.28582985,False
4188,2025-12-19,0.05166876,False
4689,2025-12-19,0.14976925,False
5020,2025-12-19,0.44287463,True
7211,2025-12-19,0.12257799,False
7267,2025-12-19,0.00010281,False
8306,2025-12-19,0.18608510,True
9432,2025-12-19,0.00009954,False
1570,2025-12-22,0.16853651,False
4188,2025-12-22,0.02247696,False
4689,2025-12-22,0.00576084,False
5020,2025-12-22,0.31940499,True
7211,2025-12-22,0.03527372,False
7267,2025-12-22,0.00246619,False
8306,2025-12-22,0.19746837,True
9432,2025-12-22,0.00002122,False
1570,2025-12-23,0.09369393,False
4188,2025-12-23,0.36933795,True
4689,2025-12-23,0.06979590,False
5020,2025-12-23,0.56483887,True
7211,2025-12-23,0.03768134,False
7267,2025-12-23,0.09416755,False
8306,2025-12-23,0.55129644,True
9432,2025-12-23,0.00003533,False
1570,2025-12-24,0.11731904,False
4188,2025-12-24,0.07250625,False
4689,2025-12-24,0.00518445,False
5020,2025-12-24,0.39230087,True
7211,2025-12-24,0.16350148,False
7267,2025-12-24,0.00783411,False
8306,2025-12-24,0.11013809,False
9432,2025-12-24,0.00314471,False
1570,2025-12-25,0.21171894,False
4188,2025-12-25,0.45911677,True
4689,2025-12-25,0.00781361,False
5020,2025-12-25,0.45949130,True
7211,2025-12-25,0.05185522,False
7267,2025-12-25,0.00112870,False
8306,2025-12-25,0.29095789,True
9432,2025-12-25,0.00009739,False
1570,2025-12-26,0.24030126,False
4188,2025-12-26,0.00622588,False
4689,2025-12-26,0.01360565,False
5020,2025-12-26,0.55182318,True
7211,2025-12-26,0.08266804,False
7267,2025-12-26,0.00064074,False
8306,2025-12-26,0.51617237,True
9432,2025-12-26,0.00015556,False
1570,2025-12-29,0.23243971,False
4188,2025-12-29,0.39178442,True
4689,2025-12-29,0.02612508,False
5020,2025-12-29,0.12963813,False
7211,2025-12-29,0.05956027,False
7267,2025-12-29,0.00390412,False
8306,2025-12-29,0.48263856,True
9432,2025-12-29,0.00002104,False
1570,2025-12-30,0.09257616,False
4188,2025-12-30,0.06723095,False
4689,2025-12-30,0.04434674,False
5020,2025-12-30,0.19105306,True
7211,2025-12-30,0.02463846,False
7267,2025-12-30,0.01879336,False
8306,2025-12-30,0.46431010,True
9432,2025-12-30,0.00022030,False
1570,2026-01-05,0.23827176,False
4188,2026-01-05,0.01975400,False
4689,2026-01-05,0.01460706,False
5020,2026-01-05,0.26242894,True
7211,2026-01-05,0.09598369,False
7267,2026-01-05,0.00031796,False
8306,2026-01-05,0.11829920,False
9432,2026-01-05,0.00002944,False
1570,2026-01-06,0.19135912,False
4188,2026-01-06,0.03269090,False
4689,2026-01-06,0.00153468,False
5020,2026-01-06,0.08930013,False
7211,2026-01-06,0.00694724,False
7267,2026-01-06,0.00143727,False
8306,2026-01-06,0.06407241,False
9432,2026-01-06,0.00021167,False
1570,2026-01-07,0.02528646,False
4188,2026-01-07,0.02123615,False
4689,2026-01-07,0.00402143,False
5020,2026-01-07,0.16571548,True
7211,2026-01-07,0.02372444,False
7267,2026-01-07,0.00187444,False
8306,2026-01-07,0.30478193,True
9432,2026-01-07,0.00048708,False
1570,2026-01-08,0.03800600,False
4188,2026-01-08,0.03184980,False
4689,2026-01-08,0.00827088,False
5020,2026-01-08,0.08555907,False
7211,2026-01-08,0.08622076,False
7267,2026-01-08,0.00132456,False
8306,2026-01-08,0.16235997,True
9432,2026-01-08,0.00006469,False
1570,2026-01-09,0.41639442,True
4188,2026-01-09,0.00746462,False
4689,2026-01-09,0.01669516,False
5020,2026-01-09,0.44409113,True
7211,2026-01-09,0.00859365,False
7267,2026-01-09,0.00021672,False
8306,2026-01-09,0.37837631,True
9432,2026-01-09,0.00021123,False
1570,2026-01-13,0.37943138,False
4188,2026-01-13,0.01507065,False
4689,2026-01-13,0.00442614,False
5020,2026-01-13,0.10731574,False
7211,2026-01-13,0.05783385,False
7267,2026-01-13,0.00203079,False
8306,2026-01-13,0.21832358,True
9432,2026-01-13,0.00075683,False
1570,2026-01-14,0.40820612,True
4188,2026-01-14,0.01113924,False
4689,2026-01-14,0.00309747,False
5020,2026-01-14,0.23342766,True
7211,2026-01-14,0.11707788,False
7267,2026-01-14,0.00505213,False
8306,2026-01-14,0.08087772,False
9432,2026-01-14,0.00259436,False
1570,2026-01-15,0.08053889,False
4188,2026-01-15,0.08653941,False
4689,2026-01-15,0.00078451,False
5020,2026-01-15,0.07396231,False
7211,2026-01-15,0.22402641,False
7267,2026-01-15,0.01697204,False
8306,2026-01-15,0.24273876,True
9432,2026-01-15,0.00124826,False
1570,2026-01-16,0.21171053,False
4188,2026-01-16,0.09018478,False
4689,2026-01-16,0.01034512,False
5020,2026-01-16,0.12461114,False
7211,2026-01-16,0.26048634,False
7267,2026-01-16,0.01097329,False
8306,2026-01-16,0.22683977,True
9432,2026-01-16,0.00008494,False
1570,2026-01-19,0.55790755,True
4188,2026-01-19,0.11910101,False
4689,2026-01-19,0.01327869,False
5020,2026-01-19,0.28067086,True
7211,2026-01-19,0.09005894,False
7267,2026-01-19,0.00400805,False
8306,2026-01-19,0.39791960,True
9432,2026-01-19,0.00029400,False
1570,2026-01-20,0.02195627,False
4188,2026-01-20,0.03732269,False
4689,2026-01-20,0.03257798,False
5020,2026-01-20,0.75853106,True
7211,2026-01-20,0.02176673,False
7267,2026-01-20,0.01466787,False
8306,2026-01-20,0.06022414,False
9432,2026-01-20,0.03633500,False
1570,2026-01-21,0.04835132,False
4188,2026-01-21,0.03608889,False
4689,2026-01-21,0.01273074,False
5020,2026-01-21,0.27143172,True
7211,2026-01-21,0.28207965,False
7267,2026-01-21,0.00238815,False
8306,2026-01-21,0.45929089,True
9432,2026-01-21,0.00012300,False
1570,2026-01-22,0.06417938,False
4188,2026-01-22,0.38867021,True
4689,2026-01-22,0.09431103,False
5020,2026-01-22,0.18201565,True
7211,2026-01-22,0.04707001,False
7267,2026-01-22,0.00086253,False
8306,2026-01-22,0.16549582,True
9432,2026-01-22,0.00006036,False
1570,2026-01-23,0.04343732,False
4188,2026-01-23,0.12479522,False
4689,2026-01-23,0.00150517,False
5020,2026-01-23,0.10600513,False
7211,2026-01-23,0.06541544,False
7267,2026-01-23,0.00253916,False
8306,2026-01-23,0.03086500,False
9432,2026-01-23,0.00072169,False
1570,2026-01-26,0.17561443,False
4188,2026-01-26,0.40715112,True
4689,2026-01-26,0.00177500,False
5020,2026-01-26,0.10375128,False
7211,2026-01-26,0.03955751,False
7267,2026-01-26,0.00254388,False
8306,2026-01-26,0.18749012,True
9432,2026-01-26,0.00033819,False
1570,2026-01-27,0.08221868,False
4188,2026-01-27,0.10060216,False
4689,2026-01-27,0.04416665,False
5020,2026-01-27,0.51324972,True
7211,2026-01-27,0.11091815,False
7267,2026-01-27,0.00154852,False
8306,2026-01-27,0.23970104,True
9432,2026-01-27,0.03481378,False
1570,2026-01-28,0.24123120,False
4188,2026-01-28,0.05243580,False
4689,2026-01-28,0.00339994,False
5020,2026-01-28,0.54792102,True
7211,2026-01-28,0.00531454,False
7267,2026-01-28,0.00171996,False
8306,2026-01-28,0.44629446,True
9432,2026-01-28,0.00097528,False
1570,2026-01-29,0.20009678,False
4188,2026-01-29,0.02989951,False
4689,2026-01-29,0.02680408,False
5020,2026-01-29,0.22094427,True
7211,2026-01-29,0.02222434,False
7267,2026-01-29,0.00090090,False
8306,2026-01-29,0.27874346,True
9432,2026-01-29,0.00079152,False
1570,2026-01-30,0.15721178,False
4188,2026-01-30,0.02873091,False
4689,2026-01-30,0.00607064,False
5020,2026-01-30,0.11710625,False
7211,2026-01-30,0.06226479,False
7267,2026-01-30,0.00067150,False
8306,2026-01-30,0.13437793,False
9432,2026-01-30,0.00033301,False
1570,2026-02-02,0.09912761,False
4188,2026-02-02,0.00442922,False
4689,2026-02-02,0.00474221,False
5020,2026-02-02,0.35026714,True
7211,2026-02-02,0.21971554,False
7267,2026-02-02,0.02964519,False
8306,2026-02-02,0.23158965,True
9432,2026-02-02,0.00144529,False
1570,2026-02-03,0.24098814,False
4188,2026-02-03,0.15561904,True
4689,2026-02-03,0.00406219,False
5020,2026-02-03,0.15944184,True
7211,2026-02-03,0.05637182,False
7267,2026-02-03,0.00710928,False
8306,2026-02-03,0.46231991,True
9432,2026-02-03,0.00471433,False
1570,2026-02-04,0.11793668,False
4188,2026-02-04,0.65484671,True
4689,2026-02-04,0.00722091,False
5020,2026-02-04,0.03430999,False
7211,2026-02-04,0.45152110,True
7267,2026-02-04,0.02075168,False
8306,2026-02-04,0.18904764,True
9432,2026-02-04,0.00018802,False
1570,2026-02-05,0.20077959,False
4188,2026-02-05,0.11391532,False
4689,2026-02-05,0.05984137,False
5020,2026-02-05,0.01943488,False
7211,2026-02-05,0.06955032,False
7267,2026-02-05,0.00129217,False
8306,2026-02-05,0.12517791,False
9432,2026-02-05,0.00004622,False
1570,2026-02-06,0.11508963,False
4188,2026-02-06,0.26432907,True
4689,2026-02-06,0.01386419,False
5020,2026-02-06,0.27661076,True
7211,2026-02-06,0.13056172,False
7267,2026-02-06,0.00030091,False
8306,2026-02-06,0.17939450,True
9432,2026-02-06,0.00009224,False
1570,2026-02-09,0.41091930,True
4188,2026-02-09,0.07799872,False
4689,2026-02-09,0.03033642,False
5020,2026-02-09,0.07185227,False
7211,2026-02-09,0.04147819,False
7267,2026-02-09,0.00522028,False
8306,2026-02-09,0.34601978,True
9432,2026-02-09,0.00020854,False
1570,2026-02-10,0.80246125,True
4188,2026-02-10,0.10337772,False
4689,2026-02-10,0.03199038,False
5020,2026-02-10,0.15897036,True
7211,2026-02-10,0.65259421,True
7267,2026-02-10,0.00342617,False
8306,2026-02-10,0.40228692,True
9432,2026-02-10,0.00026795,False
1570,2026-02-12,0.91291787,True
4188,2026-02-12,0.12896781,False
4689,2026-02-12,0.09292466,False
5020,2026-02-12,0.57920871,True
7211,2026-02-12,0.73127672,True
7267,2026-02-12,0.00255477,False
8306,2026-02-12,0.22056179,True
9432,2026-02-12,0.00003435,False
1570,2026-02-13,0.31203095,False
4188,2026-02-13,0.48936657,True
4689,2026-02-13,0.01079990,False
5020,2026-02-13,0.09361222,False
7211,2026-02-13,0.23286218,False
7267,2026-02-13,0.00750543,False
8306,2026-02-13,0.07418259,False
9432,2026-02-13,0.00000839,False
1570,2026-02-16,0.82760340,True
4188,2026-02-16,0.10265895,False
4689,2026-02-16,0.12119923,False
5020,2026-02-16,0.20218203,True
7211,2026-02-16,0.08106816,False
7267,2026-02-16,0.04051090,False
8306,2026-02-16,0.08471431,False
9432,2026-02-16,0.00009160,False
1570,2026-02-17,0.07357489,False
4188,2026-02-17,0.16500166,True
4689,2026-02-17,0.17546790,False
5020,2026-02-17,0.21694526,True
7211,2026-02-17,0.00755594,False
7267,2026-02-17,0.00553444,False
8306,2026-02-17,0.58998234,True
9432,2026-02-17,0.00006233,False
1570,2026-02-18,0.06985243,False
4188,2026-02-18,0.11285167,False
4689,2026-02-18,0.07806880,False
5020,2026-02-18,0.20172272,True
7211,2026-02-18,0.01416825,False
7267,2026-02-18,0.00301410,False
8306,2026-02-18,0.11020447,False
9432,2026-02-18,0.00001154,False
1570,2026-02-19,0.21406291,False
4188,2026-02-19,0.07021025,False
4689,2026-02-19,0.00855675,False
5020,2026-02-19,0.67710511,True
7211,2026-02-19,0.02717789,False
7267,2026-02-19,0.00265473,False
8306,2026-02-19,0.03729084,False
9432,2026-02-19,0.00005176,False
1570,2026-02-20,0.04001401,False
4188,2026-02-20,0.31152399,True
4689,2026-02-20,0.01122048,False
5020,2026-02-20,0.12998434,False
7211,2026-02-20,0.01799908,False
7267,2026-02-20,0.02284638,False
8306,2026-02-20,0.11597716,False
9432,2026-02-20,0.00737489,False
1570,2026-02-24,0.01407419,False
4188,2026-02-24,0.10890378,False
4689,2026-02-24,0.00695020,False
5020,2026-02-24,0.11184876,False
7211,2026-02-24,0.13284455,False
7267,2026-02-24,0.00134431,False
8306,2026-02-24,0.31402436,True
9432,2026-02-24,0.00016284,False
1570,2026-02-25,0.09572768,False
4188,2026-02-25,0.40824271,True
4689,2026-02-25,0.00878600,False
5020,2026-02-25,0.72407137,True
7211,2026-02-25,0.01604444,False
7267,2026-02-25,0.01728873,False
8306,2026-02-25,0.54604132,True
9432,2026-02-25,0.00001989,False
1570,2026-02-26,0.07388684,False
4188,2026-02-26,0.16718139,True
4689,2026-02-26,0.02400822,False
5020,2026-02-26,0.68716329,True
7211,2026-02-26,0.00805394,False
7267,2026-02-26,0.02297805,False
8306,2026-02-26,0.43374459,True
9432,2026-02-26,0.00004075,False
1570,2026-02-27,0.26788767,False
4188,2026-02-27,0.23439062,True
4689,2026-02-27,0.01582357,False
5020,2026-02-27,0.07061478,False
7211,2026-02-27,0.15089712,False
7267,2026-02-27,0.91314838,True
8306,2026-02-27,0.39223319,True
9432,2026-02-27,0.00068865,False
1570,2026-03-02,0.13635347,False
4188,2026-03-02,0.84646281,True
4689,2026-03-02,0.01506717,False
5020,2026-03-02,0.43484076,True
7211,2026-03-02,0.12280558,False
7267,2026-03-02,0.02366395,False
8306,2026-03-02,0.61659840,True
9432,2026-03-02,0.00034299,False
1570,2026-03-03,0.38777616,False
4188,2026-03-03,0.05524141,False
4689,2026-03-03,0.00484302,False
5020,2026-03-03,0.45336390,True
7211,2026-03-03,0.02049701,False
7267,2026-03-03,0.02686596,False
8306,2026-03-03,0.40837073,True
9432,2026-03-03,0.00009140,False
1570,2026-03-04,0.30102294,False
4188,2026-03-04,0.43948406,True
4689,2026-03-04,0.03393634,False
5020,2026-03-04,0.21437501,True
7211,2026-03-04,0.01407063,False
7267,2026-03-04,0.29591760,False
8306,2026-03-04,0.73165392,True
9432,2026-03-04,0.00003500,False
1570,2026-03-05,0.68548608,True
4188,2026-03-05,0.51071875,True
4689,2026-03-05,0.00813839,False
5020,2026-03-05,0.76230033,True
7211,2026-03-05,0.24441969,False
7267,2026-03-05,0.04143954,False
8306,2026-03-05,0.69969393,True
9432,2026-03-05,0.00010399,False
1570,2026-03-06,0.62986335,True
4188,2026-03-06,0.89469443,True
4689,2026-03-06,0.11730083,False
5020,2026-03-06,0.09283124,False
7211,2026-03-06,0.04003162,False
7267,2026-03-06,0.00809651,False
8306,2026-03-06,0.24474400,True
9432,2026-03-06,0.00006641,False
1570,2026-03-09,0.68141013,True
4188,2026-03-09,0.67975391,True
4689,2026-03-09,0.00594423,False
5020,2026-03-09,0.74736203,True
7211,2026-03-09,0.14943098,False
7267,2026-03-09,0.00204302,False
8306,2026-03-09,0.94401026,True
9432,2026-03-09,0.00009629,False
1570,2026-03-10,0.79388556,True
4188,2026-03-10,0.83242858,True
4689,2026-03-10,0.05333576,False
5020,2026-03-10,0.11424920,False
7211,2026-03-10,0.17877757,False
7267,2026-03-10,0.00066573,False
8306,2026-03-10,0.54559894,True
9432,2026-03-10,0.00031987,False
1570,2026-03-11,0.83212812,True
4188,2026-03-11,0.56788548,True
4689,2026-03-11,0.00690965,False
5020,2026-03-11,0.03306923,False
7211,2026-03-11,0.02196366,False
7267,2026-03-11,0.00102245,False
8306,2026-03-11,0.36545019,True
9432,2026-03-11,0.00051694,False
1570,2026-03-12,0.09224817,False
4188,2026-03-12,0.41103675,True
4689,2026-03-12,0.03716752,False
5020,2026-03-12,0.28891492,True
7211,2026-03-12,0.44596128,True
7267,2026-03-12,0.02261569,False
8306,2026-03-12,0.56062923,True
9432,2026-03-12,0.00112241,False
1570,2026-03-13,0.39924291,False
4188,2026-03-13,0.61077408,True
4689,2026-03-13,0.07101351,False
5020,2026-03-13,0.24948212,True
7211,2026-03-13,0.27672174,False
7267,2026-03-13,0.30672081,True
8306,2026-03-13,0.53754679,True
9432,2026-03-13,0.00018340,False
1570,2026-03-16,0.65815281,True
4188,2026-03-16,0.71079897,True
4689,2026-03-16,0.01504481,False
5020,2026-03-16,0.58749552,True
7211,2026-03-16,0.21378764,False
7267,2026-03-16,0.21254638,False
8306,2026-03-16,0.55402668,True
9432,2026-03-16,0.00056416,False
1570,2026-03-17,0.60434193,True
4188,2026-03-17,0.50254572,True
4689,2026-03-17,0.08843472,False
5020,2026-03-17,0.10120258,False
7211,2026-03-17,0.15812220,False
7267,2026-03-17,0.00794491,False
8306,2026-03-17,0.46441485,True
9432,2026-03-17,0.00020982,False
1570,2026-03-18,0.47644129,True
4188,2026-03-18,0.53910002,True
4689,2026-03-18,0.01935525,False
5020,2026-03-18,0.32232546,True
7211,2026-03-18,0.17619758,False
7267,2026-03-18,0.04779805,False
8306,2026-03-18,0.29351837,True
9432,2026-03-18,0.00006866,False
1570,2026-03-19,0.24914780,False
4188,2026-03-19,0.16393047,True
4689,2026-03-19,0.03276432,False
5020,2026-03-19,0.05844478,False
7211,2026-03-19,0.05114805,False
7267,2026-03-19,0.00458443,False
8306,2026-03-19,0.63506600,True
9432,2026-03-19,0.00135521,False
1570,2026-03-23,0.25896597,False
4188,2026-03-23,0.16201327,True
4689,2026-03-23,0.00559290,False
5020,2026-03-23,0.38061536,True
7211,2026-03-23,0.11790404,False
7267,2026-03-23,0.77810339,True
8306,2026-03-23,0.59023515,True
9432,2026-03-23,0.00084009,False
1570,2026-03-24,0.37782230,False
4188,2026-03-24,0.50342635,True
4689,2026-03-24,0.04120579,False
5020,2026-03-24,0.75553474,True
7211,2026-03-24,0.04392827,False
7267,2026-03-24,0.52057275,True
8306,2026-03-24,0.06111203,False
9432,2026-03-24,0.00091051,False
1570,2026-03-25,0.02388366,False
4188,2026-03-25,0.47367927,True
4689,2026-03-25,0.00502219,False
5020,2026-03-25,0.47653123,True
7211,2026-03-25,0.05073699,False
7267,2026-03-25,0.02156030,False
8306,2026-03-25,0.14233098,False
9432,2026-03-25,0.00004072,False
1570,2026-03-26,0.01069691,False
4188,2026-03-26,0.32268168,True
4689,2026-03-26,0.07323377,False
5020,2026-03-26,0.18588291,True
7211,2026-03-26,0.01326647,False
7267,2026-03-26,0.01423130,False
8306,2026-03-26,0.20951920,True
9432,2026-03-26,0.00001045,False
1570,2026-03-27,0.07037324,False
4188,2026-03-27,0.08734810,False
4689,2026-03-27,0.01126197,False
5020,2026-03-27,0.25462733,True
7211,2026-03-27,0.15642833,False
7267,2026-03-27,0.00168413,False
8306,2026-03-27,0.27674131,True
9432,2026-03-27,0.00014496,False
1570,2026-03-30,0.55724349,True
4188,2026-03-30,0.41825457,True
4689,2026-03-30,0.02336236,False
5020,2026-03-30,0.24916215,True
7211,2026-03-30,0.21538236,False
7267,2026-03-30,0.00326821,False
8306,2026-03-30,0.40765708,True
9432,2026-03-30,0.00011986,False
1570,2026-03-31,0.72706366,True
4188,2026-03-31,0.36290007,True
4689,2026-03-31,0.01117110,False
5020,2026-03-31,0.31788268,True
7211,2026-03-31,0.36278157,True
7267,2026-03-31,0.12188473,False
8306,2026-03-31,0.45272166,True
9432,2026-03-31,0.00005128,False
1570,2026-04-01,0.16399224,False
4188,2026-04-01,0.31505197,True
4689,2026-04-01,0.13259892,False
5020,2026-04-01,0.08542783,False
7211,2026-04-01,0.25437497,False
7267,2026-04-01,0.00815045,False
8306,2026-04-01,0.61629722,True
9432,2026-04-01,0.00011877,False
1570,2026-04-02,0.42746509,True
4188,2026-04-02,0.19614868,True
4689,2026-04-02,0.00962261,False
5020,2026-04-02,0.53745028,True
7211,2026-04-02,0.12319088,False
7267,2026-04-02,0.00138237,False
8306,2026-04-02,0.19620731,True
9432,2026-04-02,0.00003515,False
1570,2026-04-03,0.01378765,False
4188,2026-04-03,0.07218355,False
4689,2026-04-03,0.00562859,False
5020,2026-04-03,0.27447808,True
7211,2026-04-03,0.08816788,False
7267,2026-04-03,0.00041223,False
8306,2026-04-03,0.13476893,False
9432,2026-04-03,0.00015936,False
1570,2026-04-06,0.23297626,False
4188,2026-04-06,0.27539632,True
4689,2026-04-06,0.00215489,False
5020,2026-04-06,0.15407267,True
7211,2026-04-06,0.17459876,False
7267,2026-04-06,0.00309551,False
8306,2026-04-06,0.59640756,True
9432,2026-04-06,0.00001471,False
1570,2026-04-07,0.55215309,True
4188,2026-04-07,0.03948364,False
4689,2026-04-07,0.00972047,False
5020,2026-04-07,0.62306548,True
7211,2026-04-07,0.34513616,True
7267,2026-04-07,0.00420958,False
8306,2026-04-07,0.58509922,True
9432,2026-04-07,0.00018842,False
1570,2026-04-08,0.75643643,True
4188,2026-04-08,0.60077516,True
4689,2026-04-08,0.00390562,False
5020,2026-04-08,0.83699488,True
7211,2026-04-08,0.02216570,False
7267,2026-04-08,0.00029904,False
8306,2026-04-08,0.18977778,True
9432,2026-04-08,0.00009201,False
1570,2026-04-09,0.09960352,False
4188,2026-04-09,0.25853064,True
4689,2026-04-09,0.00745634,False
5020,2026-04-09,0.36542839,True
7211,2026-04-09,0.14318223,False
7267,2026-04-09,0.00049553,False
8306,2026-04-09,0.19734517,True
9432,2026-04-09,0.00029164,False
1570,2026-04-10,0.16332268,False
4188,2026-04-10,0.18279343,True
4689,2026-04-10,0.01117371,False
5020,2026-04-10,0.12174006,False
7211,2026-04-10,0.17019501,False
7267,2026-04-10,0.00881109,False
8306,2026-04-10,0.24714252,True
9432,2026-04-10,0.00718290,False
1570,2026-04-13,0.22855660,False
4188,2026-04-13,0.95102621,True
4689,2026-04-13,0.03414703,False
5020,2026-04-13,0.06071038,False
7211,2026-04-13,0.15014443,False
7267,2026-04-13,0.00407564,False
8306,2026-04-13,0.26981199,True
9432,2026-04-13,0.00059063,False
1570,2026-04-14,0.06519315,False
4188,2026-04-14,0.01906001,False
4689,2026-04-14,0.00185169,False
5020,2026-04-14,0.11592058,False
7211,2026-04-14,0.04321908,False
7267,2026-04-14,0.00265860,False
8306,2026-04-14,0.34679460,True
9432,2026-04-14,0.00008598,False
1570,2026-04-15,0.30215061,False
4188,2026-04-15,0.46267462,True
4689,2026-04-15,0.05991151,False
5020,2026-04-15,0.22869875,True
7211,2026-04-15,0.02281540,False
7267,2026-04-15,0.00106972,False
8306,2026-04-15,0.44045177,True
9432,2026-04-15,0.00044208,False
1570,2026-04-16,0.83319304,True
4188,2026-04-16,0.10354325,False
4689,2026-04-16,0.00514077,False
5020,2026-04-16,0.21633891,True
7211,2026-04-16,0.42055179,True
7267,2026-04-16,0.01015837,False
8306,2026-04-16,0.07481718,False
9432,2026-04-16,0.00031965,False
1570,2026-04-17,0.35041035,False
4188,2026-04-17,0.09123649,False
4689,2026-04-17,0.00356910,False
5020,2026-04-17,0.17177281,True
7211,2026-04-17,0.03503148,False
7267,2026-04-17,0.01017415,False
8306,2026-04-17,0.13025817,False
9432,2026-04-17,0.00005860,False
1570,2026-04-20,0.31002908,False
4188,2026-04-20,0.01550154,False
4689,2026-04-20,0.00858474,False
5020,2026-04-20,0.54014305,True
7211,2026-04-20,0.03156254,False
7267,2026-04-20,0.00504150,False
8306,2026-04-20,0.27828751,True
9432,2026-04-20,0.00010535,False
1570,2026-04-21,0.14357641,False
4188,2026-04-21,0.27618465,True
4689,2026-04-21,0.00203987,False
5020,2026-04-21,0.42952779,True
7211,2026-04-21,0.13515039,False
7267,2026-04-21,0.00301813,False
8306,2026-04-21,0.45285766,True
9432,2026-04-21,0.00077003,False
1570,2026-04-22,0.10531054,False
4188,2026-04-22,0.06418724,False
4689,2026-04-22,0.01001750,False
5020,2026-04-22,0.15412666,True
7211,2026-04-22,0.04849561,False
7267,2026-04-22,0.00772891,False
8306,2026-04-22,0.54395159,True
9432,2026-04-22,0.00024303,False
1570,2026-04-23,0.03828803,False
4188,2026-04-23,0.09326172,False
4689,2026-04-23,0.00442712,False
5020,2026-04-23,0.18446550,True
7211,2026-04-23,0.10420800,False
7267,2026-04-23,0.00201634,False
8306,2026-04-23,0.22986099,True
9432,2026-04-23,0.00143084,False
1570,2026-04-24,0.16956390,False
4188,2026-04-24,0.41164966,True
4689,2026-04-24,0.12717161,False
5020,2026-04-24,0.11263472,False
7211,2026-04-24,0.06771093,False
7267,2026-04-24,0.00362652,False
8306,2026-04-24,0.71233075,True
9432,2026-04-24,0.00070131,False
1570,2026-04-27,0.26839827,False
4188,2026-04-27,0.08878084,False
4689,2026-04-27,0.01158464,False
5020,2026-04-27,0.14941080,False
7211,2026-04-27,0.04302340,False
7267,2026-04-27,0.00102555,False
8306,2026-04-27,0.13712924,False
9432,2026-04-27,0.00006459,False
1570,2026-04-28,0.12934508,False
4188,2026-04-28,0.17054977,True
4689,2026-04-28,0.00523513,False
5020,2026-04-28,0.61931175,True
7211,2026-04-28,0.05511835,False
7267,2026-04-28,0.00280244,False
8306,2026-04-28,0.20105207,True
9432,2026-04-28,0.00036398,False
1570,2026-04-30,0.32778544,False
4188,2026-04-30,0.10104088,False
4689,2026-04-30,0.01241193,False
5020,2026-04-30,0.15784065,True
7211,2026-04-30,0.20332427,False
7267,2026-04-30,0.00501254,False
8306,2026-04-30,0.20846571,True
9432,2026-04-30,0.00053369,False
1570,2026-05-01,0.45349942,True
4188,2026-05-01,0.74615415,True
4689,2026-05-01,0.02475558,False
5020,2026-05-01,0.27605646,True
7211,2026-05-01,0.26477430,False
7267,2026-05-01,0.00045220,False
8306,2026-05-01,0.13425825,False
9432,2026-05-01,0.00015710,False
1570,2026-05-07,0.36569796,False
4188,2026-05-07,0.44675764,True
4689,2026-05-07,0.00296309,False
5020,2026-05-07,0.12169414,False
7211,2026-05-07,0.09832739,False
7267,2026-05-07,0.00111110,False
8306,2026-05-07,0.31867491,True
9432,2026-05-07,0.00184668,False
1570,2026-05-08,0.66059037,True
4188,2026-05-08,0.09530701,False
4689,2026-05-08,0.00511925,False
5020,2026-05-08,0.41293401,True
7211,2026-05-08,0.05477545,False
7267,2026-05-08,0.00011172,False
8306,2026-05-08,0.17404670,True
9432,2026-05-08,0.00022422,False
1570,2026-05-11,0.25047029,False
4188,2026-05-11,0.24782564,True
4689,2026-05-11,0.00084452,False
5020,2026-05-11,0.33471799,True
7211,2026-05-11,0.03079468,False
7267,2026-05-11,0.00278001,False
8306,2026-05-11,0.36384630,True
9432,2026-05-11,0.00072254,False
1570,2026-05-12,0.43259881,True
4188,2026-05-12,0.09485803,False
4689,2026-05-12,0.15079462,False
5020,2026-05-12,0.26247449,True
7211,2026-05-12,0.04256215,False
7267,2026-05-12,0.00669443,False
8306,2026-05-12,0.40331622,True
9432,2026-05-12,0.00013005,False
1570,2026-05-13,0.27495896,False
4188,2026-05-13,0.16530621,True
4689,2026-05-13,0.01773178,False
5020,2026-05-13,0.42439543,True
7211,2026-05-13,0.04944332,False
7267,2026-05-13,0.00036957,False
8306,2026-05-13,0.17506596,True
9432,2026-05-13,0.00002764,False
1570,2026-05-14,0.12823330,False
4188,2026-05-14,0.10179161,False
4689,2026-05-14,0.02902685,False
5020,2026-05-14,0.56836908,True
7211,2026-05-14,0.02264820,False
7267,2026-05-14,0.00008667,False
8306,2026-05-14,0.38169256,True
9432,2026-05-14,0.00002473,False
1570,2026-05-15,0.28753262,False
4188,2026-05-15,0.09884248,False
4689,2026-05-15,0.07969708,False
5020,2026-05-15,0.20141010,True
7211,2026-05-15,0.48650586,True
7267,2026-05-15,0.04346669,False
8306,2026-05-15,0.21209198,True
9432,2026-05-15,0.00005011,False
1570,2026-05-18,0.29558396,False
4188,2026-05-18,0.03934149,False
4689,2026-05-18,0.00651786,False
5020,2026-05-18,0.10715214,False
7211,2026-05-18,0.19049143,False
7267,2026-05-18,0.01090293,False
8306,2026-05-18,0.05493123,False
9432,2026-05-18,0.00006411,False
