signal_date,entry_date,exit_date,prob,entry_price,exit_price,qty,profit,equity,win,exit_reason,code,status,stop_loss_percent
2025-04-01,2025-04-02,2025-04-03,0.55637825,22701.80850000,21545.15140000,13,-15036,284963,False,STOP,1570,FILLED,5.00000000
2025-04-01,2025-04-02,2025-04-03,0.53335266,709.61110000,673.45640000,422,-15257,284742,False,STOP,4188,FILLED,5.00000000
2025-04-01,2025-04-02,2025-04-02,0.71869256,770.67840000,754.50960000,389,-6289,293710,False,STOP,5020,FILLED,2.00000000
2025-04-01,2025-04-02,2025-04-03,0.74829812,1925.62210000,1827.51160000,155,-15207,284792,False,STOP,8306,FILLED,5.00000000
2025-04-02,2025-04-03,2025-04-04,0.91284516,1746.69690000,1657.70270000,171,-15218,284781,False,STOP,8306,FILLED,5.00000000
2025-04-03,2025-04-04,2025-04-07,0.69169090,20606.18000000,19556.29510000,14,-14698,285301,False,STOP,1570,FILLED,5.00000000
2025-04-03,2025-04-04,2025-04-04,0.62734780,679.29630000,665.04470000,441,-6284,293715,False,STOP,5020,FILLED,2.00000000
2025-04-03,2025-04-04,2025-04-04,0.79599093,1639.82530000,1556.27620000,182,-15205,284794,False,STOP,8306,FILLED,5.00000000
2025-04-04,2025-04-07,2025-04-08,0.63450460,16705.01000000,19074.27600000,17,40277,340277,True,TIME,1570,FILLED,5.00000000
2025-04-04,2025-04-07,2025-04-08,0.67499474,582.67020000,640.26160000,514,29601,329601,True,TIME,5020,FILLED,2.00000000
2025-04-04,2025-04-07,2025-04-08,0.45581903,1275.20480000,1602.59490000,235,76936,376936,True,TIME,8306,FILLED,5.00000000
2025-04-07,2025-04-08,2025-04-09,0.56693514,19040.71050000,18070.58630000,15,-14551,285448,False,STOP,1570,FILLED,5.00000000
2025-04-07,2025-04-08,2025-04-09,0.95597759,614.99630000,583.66220000,487,-15259,284740,False,STOP,4188,FILLED,5.00000000
2025-04-07,2025-04-08,2025-04-09,0.90429863,642.87940000,629.39180000,466,-6285,293714,False,STOP,5020,FILLED,2.00000000
2025-04-07,2025-04-08,2025-04-09,0.17436311,1622.90000000,1540.21320000,184,-15214,284785,False,STOP,8306,FILLED,5.00000000
2025-04-08,2025-04-09,2025-04-09,0.69441363,18065.41800000,17144.98500000,16,-14726,285273,False,STOP,1570,FILLED,5.00000000
2025-04-08,2025-04-09,2025-04-10,0.92895626,597.32840000,639.23180000,502,21035,321035,True,TIME,4188,FILLED,5.00000000
2025-04-08,2025-04-09,2025-04-09,0.88151309,614.32860000,601.44000000,488,-6289,293710,False,STOP,5020,FILLED,2.00000000
2025-04-08,2025-04-09,2025-04-10,0.70055747,1547.46110000,1653.82380000,193,20527,320527,True,TIME,8306,FILLED,5.00000000
2025-04-09,2025-04-10,2025-04-11,0.43555786,643.09110000,610.32560000,466,-15268,284731,False,STOP,4188,FILLED,5.00000000
2025-04-09,2025-04-10,2025-04-10,0.78888567,696.09670000,681.49250000,430,-6279,293720,False,STOP,5020,FILLED,2.00000000
2025-04-09,2025-04-10,2025-04-10,0.54096491,1757.33570000,1667.79940000,170,-15221,284778,False,STOP,8306,FILLED,5.00000000
2025-04-10,2025-04-11,2025-04-14,0.46526155,18740.62050000,20043.98500000,16,20853,320853,True,TIME,1570,FILLED,5.00000000
2025-04-10,2025-04-11,2025-04-14,0.62234946,600.99720000,630.83730000,499,14890,314890,True,TIME,4188,FILLED,5.00000000
2025-04-10,2025-04-11,2025-04-14,0.66193980,615.68820000,641.42620000,487,12534,312534,True,TIME,5020,FILLED,2.00000000
2025-04-10,2025-04-11,2025-04-11,0.41216479,361.14050000,349.95590000,830,-9283,290716,False,STOP,7211,FILLED,3.00000000
2025-04-10,2025-04-11,2025-04-14,0.35344505,1552.78070000,1591.96250000,193,7562,307562,True,TIME,8306,FILLED,5.00000000
2025-04-11,2025-04-14,2025-04-15,0.47397560,20021.00450000,20368.88750000,14,4870,304870,True,TIME,1570,FILLED,5.00000000
2025-04-11,2025-04-14,2025-04-15,0.51706231,627.06450000,635.17930000,478,3878,303878,True,TIME,4188,FILLED,5.00000000
2025-04-11,2025-04-14,2025-04-15,0.82438118,646.66680000,644.04670000,463,-1213,298786,False,TIME,5020,FILLED,2.00000000
2025-04-11,2025-04-14,2025-04-15,0.40195655,362.01700000,361.99450000,828,-18,299981,False,TIME,7211,FILLED,3.00000000
2025-04-11,2025-04-14,2025-04-15,0.45315083,1596.78660000,1627.72600000,187,5785,305785,True,TIME,8306,FILLED,5.00000000
2025-04-14,2025-04-15,2025-04-16,0.53778409,20451.13350000,19914.02400000,14,-7519,292480,False,TIME,1570,FILLED,5.00000000
2025-04-14,2025-04-15,2025-04-16,0.80223052,639.03620000,635.37230000,469,-1718,298281,False,TIME,4188,FILLED,5.00000000
2025-04-14,2025-04-15,2025-04-16,0.75849174,648.70610000,635.09630000,462,-6287,293712,False,STOP,5020,FILLED,2.00000000
2025-04-14,2025-04-15,2025-04-16,0.37599461,367.37370000,358.39310000,816,-7328,292671,False,TIME,7211,FILLED,3.00000000
2025-04-14,2025-04-15,2025-04-16,0.91014151,1619.03130000,1587.12960000,185,-5901,294098,False,TIME,8306,FILLED,5.00000000
2025-04-15,2025-04-16,2025-04-17,0.38027009,637.20180000,638.65290000,470,682,300682,True,TIME,4188,FILLED,5.00000000
2025-04-15,2025-04-16,2025-04-16,0.61108755,646.86090000,633.28980000,463,-6283,293716,False,STOP,5020,FILLED,2.00000000
2025-04-15,2025-04-16,2025-04-17,0.33813026,363.67270000,363.55190000,824,-99,299900,False,TIME,7211,FILLED,3.00000000
2025-04-15,2025-04-16,2025-04-17,0.60171251,1644.17760000,1623.85970000,182,-3697,296302,False,TIME,8306,FILLED,5.00000000
2025-04-16,2025-04-17,2025-04-18,0.40068738,634.98130000,639.71420000,472,2233,302233,True,TIME,4188,FILLED,5.00000000
2025-04-16,2025-04-17,2025-04-18,0.31860569,646.76390000,676.07430000,463,13570,313570,True,TIME,5020,FILLED,2.00000000
2025-04-16,2025-04-17,2025-04-18,0.30892116,1592.91800000,1629.17590000,188,6816,306816,True,TIME,8306,FILLED,5.00000000
2025-04-17,2025-04-18,2025-04-21,0.16024001,641.16010000,625.62700000,467,-7253,292746,False,TIME,4188,FILLED,5.00000000
2025-04-17,2025-04-18,2025-04-21,0.73556988,670.07070000,660.64290000,447,-4214,295785,False,TIME,5020,FILLED,2.00000000
2025-04-17,2025-04-18,2025-04-21,0.68544023,1634.02230000,1597.76200000,183,-6635,293364,False,TIME,8306,FILLED,5.00000000
2025-04-18,2025-04-21,2025-04-22,0.19622521,637.20180000,631.03040000,470,-2900,297099,False,TIME,4188,FILLED,5.00000000
2025-04-18,2025-04-21,2025-04-21,0.67212464,675.89750000,661.71710000,443,-6281,293718,False,STOP,5020,FILLED,2.00000000
2025-04-18,2025-04-21,2025-04-22,0.73092481,1619.03140000,1578.43030000,185,-7511,292488,False,TIME,8306,FILLED,5.00000000
2025-04-21,2025-04-22,2025-04-23,0.20179231,625.71290000,635.85470000,479,4857,304857,True,TIME,4188,FILLED,5.00000000
2025-04-21,2025-04-22,2025-04-23,0.40787594,352.47230000,370.36550000,851,15227,315227,True,TIME,7211,FILLED,3.00000000
2025-04-21,2025-04-22,2025-04-23,0.55561502,1590.98360000,1631.10900000,188,7543,307543,True,TIME,8306,FILLED,5.00000000
2025-04-22,2025-04-23,2025-04-23,0.46584820,679.87890000,665.61510000,441,-6290,293709,False,STOP,5020,FILLED,2.00000000
2025-04-22,2025-04-23,2025-04-24,0.30558178,1643.21040000,1663.97290000,182,3778,303778,True,TIME,8306,FILLED,5.00000000
2025-04-23,2025-04-24,2025-04-25,0.24512765,645.79440000,660.65210000,464,6893,306893,True,TIME,4188,FILLED,5.00000000
2025-04-25,2025-04-28,2025-04-30,0.18725418,670.16780000,665.68960000,447,-2001,297998,False,TIME,5020,FILLED,2.00000000
2025-04-28,2025-04-30,2025-05-01,0.49416490,22351.70350000,22988.10150000,13,8273,308273,True,TIME,1570,FILLED,5.00000000
2025-04-28,2025-04-30,2025-05-01,0.17482291,670.16780000,665.10720000,447,-2262,297737,False,TIME,5020,FILLED,2.00000000
2025-04-28,2025-04-30,2025-05-01,0.50056483,1740.89390000,1722.45110000,172,-3172,296827,False,TIME,8306,FILLED,5.00000000
2025-04-30,2025-05-01,2025-05-02,0.26896770,668.09650000,679.75660000,449,5235,305235,True,TIME,4188,FILLED,5.00000000
2025-04-30,2025-05-01,2025-05-02,0.41213826,521.09320000,523.52670000,575,1399,301399,True,TIME,4689,FILLED,5.00000000
2025-04-30,2025-05-01,2025-05-02,0.22441419,671.62440000,671.90100000,446,123,300123,True,TIME,5020,FILLED,2.00000000
2025-04-30,2025-05-01,2025-05-02,0.59561125,1760.23710000,1670.55300000,170,-15246,284753,False,STOP,8306,FILLED,5.00000000
2025-05-01,2025-05-02,2025-05-07,0.38761234,676.78550000,683.32670000,443,2897,302897,True,TIME,4188,FILLED,5.00000000
2025-05-01,2025-05-02,2025-05-07,0.28410860,517.16780000,535.49200000,580,10627,310627,True,TIME,4689,FILLED,5.00000000
2025-05-01,2025-05-02,2025-05-07,0.26946952,672.98400000,678.79180000,445,2584,302584,True,TIME,5020,FILLED,2.00000000
2025-05-02,2025-05-07,2025-05-08,0.40498350,23632.08750000,23747.87350000,12,1389,301389,True,TIME,1570,FILLED,5.00000000
2025-05-02,2025-05-07,2025-05-08,0.23702480,695.61200000,689.01950000,431,-2841,297158,False,TIME,4188,FILLED,5.00000000
2025-05-02,2025-05-07,2025-05-08,0.49737355,672.98410000,676.65660000,445,1634,301634,True,TIME,5020,FILLED,2.00000000
2025-05-02,2025-05-07,2025-05-08,0.25027444,1692.53580000,1704.56930000,177,2129,302129,True,TIME,8306,FILLED,5.00000000
2025-05-07,2025-05-08,2025-05-09,0.76821693,683.64030000,695.48420000,438,5187,305187,True,TIME,4188,FILLED,5.00000000
2025-05-07,2025-05-08,2025-05-09,0.38395944,678.71360000,691.40880000,442,5611,305611,True,TIME,5020,FILLED,2.00000000
2025-05-08,2025-05-09,2025-05-12,0.40896993,695.12930000,704.36110000,431,3978,303978,True,TIME,4188,FILLED,5.00000000
2025-05-08,2025-05-09,2025-05-12,0.34507285,523.05590000,534.41320000,573,6507,306507,True,TIME,4689,FILLED,5.00000000
2025-05-08,2025-05-09,2025-05-12,0.17194518,1728.80440000,1778.02970000,173,8515,308515,True,TIME,8306,FILLED,5.00000000
2025-05-09,2025-05-12,2025-05-13,0.27711276,701.88740000,730.21980000,427,12097,312097,True,TIME,4188,FILLED,5.00000000
2025-05-09,2025-05-12,2025-05-13,0.23964965,535.71530000,522.34980000,559,-7471,292528,False,TIME,4689,FILLED,5.00000000
2025-05-09,2025-05-12,2025-05-12,0.25461963,710.85760000,695.94380000,422,-6293,293706,False,STOP,5020,FILLED,2.00000000
2025-05-12,2025-05-13,2025-05-13,0.88333638,684.63740000,670.27370000,438,-6291,293708,False,STOP,5020,FILLED,2.00000000
2025-05-13,2025-05-14,2025-05-15,0.66848338,736.45080000,730.79880000,407,-2300,297699,False,TIME,4188,FILLED,5.00000000
2025-05-13,2025-05-14,2025-05-15,0.44443486,655.79530000,663.74850000,457,3634,303634,True,TIME,5020,FILLED,2.00000000
2025-05-14,2025-05-15,2025-05-16,0.65691514,24657.39500000,24602.61700000,12,-657,299342,False,TIME,1570,FILLED,5.00000000
2025-05-14,2025-05-15,2025-05-16,0.42183882,655.98950000,661.41930000,457,2481,302481,True,TIME,5020,FILLED,2.00000000
2025-05-14,2025-05-15,2025-05-16,0.15333045,1881.13250000,1881.93740000,159,127,300127,True,TIME,8306,FILLED,5.00000000
2025-05-15,2025-05-16,2025-05-19,0.24909833,661.13640000,647.26580000,453,-6283,293716,False,STOP,5020,FILLED,2.00000000
2025-05-15,2025-05-16,2025-05-19,0.15060792,1890.80430000,1903.68560000,158,2035,302035,True,TIME,8306,FILLED,5.00000000
2025-05-16,2025-05-19,2025-05-20,0.46498121,412.07800000,418.35240000,728,4567,304567,True,TIME,7211,FILLED,3.00000000
2025-05-19,2025-05-20,2025-05-21,0.27345493,652.00790000,664.91310000,460,5936,305936,True,TIME,5020,FILLED,2.00000000
2025-05-20,2025-05-21,2025-05-22,0.59494811,662.98160000,656.46950000,452,-2943,297056,False,TIME,5020,FILLED,2.00000000
2025-05-21,2025-05-22,2025-05-23,0.44496306,658.41730000,659.08990000,455,306,300306,True,TIME,5020,FILLED,2.00000000
2025-05-22,2025-05-23,2025-05-26,0.16593389,655.50400000,655.59600000,457,42,300042,True,TIME,5020,FILLED,2.00000000
2025-05-23,2025-05-26,2025-05-27,0.23837510,656.47510000,650.64630000,456,-2657,297342,False,TIME,5020,FILLED,2.00000000
2025-05-27,2025-05-28,2025-05-29,0.15356507,731.81660000,740.64050000,409,3608,303608,True,TIME,4188,FILLED,5.00000000
2025-05-28,2025-05-29,2025-05-30,0.29394453,1916.91760000,1957.81410000,156,6379,306379,True,TIME,8306,FILLED,5.00000000
2025-05-29,2025-05-30,2025-06-02,0.28113207,731.81660000,724.91300000,409,-2823,297176,False,TIME,4188,FILLED,5.00000000
2025-05-29,2025-05-30,2025-06-02,0.18973413,656.28090000,671.22160000,457,6827,306827,True,TIME,5020,FILLED,2.00000000
2025-05-30,2025-06-02,2025-06-03,0.28711571,732.78210000,730.79880000,409,-811,299188,False,TIME,4188,FILLED,5.00000000
2025-05-30,2025-06-02,2025-06-03,0.29806848,663.17580000,675.97730000,452,5786,305786,True,TIME,5020,FILLED,2.00000000
2025-06-02,2025-06-03,2025-06-04,0.31683276,673.56670000,689.07950000,445,6903,306903,True,TIME,5020,FILLED,2.00000000
2025-06-02,2025-06-03,2025-06-04,0.34087990,1927.07290000,1914.31800000,155,-1977,298022,False,TIME,8306,FILLED,5.00000000
2025-06-03,2025-06-04,2025-06-05,0.43682875,24537.35900000,24302.70700000,12,-2815,297184,False,TIME,1570,FILLED,5.00000000
2025-06-03,2025-06-04,2025-06-05,0.26721360,677.83960000,668.31000000,442,-4212,295787,False,TIME,5020,FILLED,2.00000000
2025-06-04,2025-06-05,2025-06-05,0.73207465,678.81080000,664.56930000,441,-6280,293719,False,STOP,5020,FILLED,2.00000000
2025-06-05,2025-06-06,2025-06-09,0.23071619,671.33310000,682.57680000,446,5014,305014,True,TIME,5020,FILLED,2.00000000
2025-06-05,2025-06-06,2025-06-09,0.27573516,1900.95930000,1916.73440000,157,2476,302476,True,TIME,8306,FILLED,5.00000000
2025-06-06,2025-06-09,2025-06-10,0.55775852,24957.48500000,25127.45950000,12,2039,302039,True,TIME,1570,FILLED,5.00000000
2025-06-06,2025-06-09,2025-06-10,0.16336124,722.16210000,724.52700000,415,981,300981,True,TIME,4188,FILLED,5.00000000
2025-06-06,2025-06-09,2025-06-10,0.33955588,678.90780000,687.04140000,441,3586,303586,True,TIME,5020,FILLED,2.00000000
2025-06-06,2025-06-09,2025-06-10,0.17886680,1915.95040000,1898.85250000,156,-2667,297332,False,TIME,8306,FILLED,5.00000000
2025-06-09,2025-06-10,2025-06-11,0.29153618,1917.88470000,1890.63660000,156,-4250,295749,False,TIME,8306,FILLED,5.00000000
2025-06-10,2025-06-11,2025-06-12,0.57126891,406.03950000,404.92000000,738,-826,299173,False,TIME,7211,FILLED,3.00000000
2025-06-10,2025-06-11,2025-06-12,0.45922978,1900.47580000,1897.88600000,157,-406,299593,False,TIME,8306,FILLED,5.00000000
2025-06-11,2025-06-12,2025-06-13,0.21070453,734.32680000,719.31670000,408,-6124,293875,False,TIME,4188,FILLED,5.00000000
2025-06-11,2025-06-12,2025-06-13,0.18749636,703.08870000,720.91300000,426,7593,307593,True,TIME,5020,FILLED,2.00000000
2025-06-11,2025-06-12,2025-06-13,0.43925598,1900.47580000,1869.85510000,157,-4807,295192,False,TIME,8306,FILLED,5.00000000
2025-06-12,2025-06-13,2025-06-16,0.42690446,24987.49400000,25272.41600000,12,3419,303419,True,TIME,1570,FILLED,5.00000000
2025-06-12,2025-06-13,2025-06-16,0.36707560,708.91540000,704.89920000,423,-1698,298301,False,TIME,5020,FILLED,2.00000000
2025-06-12,2025-06-13,2025-06-16,0.22164994,1893.22210000,1887.73690000,158,-866,299133,False,TIME,8306,FILLED,5.00000000
2025-06-13,2025-06-16,2025-06-17,0.23586764,721.19660000,734.36880000,415,5466,305466,True,TIME,4188,FILLED,5.00000000
2025-06-16,2025-06-17,2025-06-18,0.31364478,1886.93550000,1889.67000000,158,432,300432,True,TIME,8306,FILLED,5.00000000
2025-06-17,2025-06-18,2025-06-19,0.55741034,1877.26380000,1885.32050000,159,1281,301281,True,TIME,8306,FILLED,5.00000000
2025-06-18,2025-06-19,2025-06-20,0.60645600,1896.60720000,1892.08650000,158,-714,299285,False,TIME,8306,FILLED,5.00000000
2025-06-19,2025-06-20,2025-06-23,0.21239098,726.98930000,710.82580000,412,-6659,293340,False,TIME,4188,FILLED,5.00000000
2025-06-19,2025-06-20,2025-06-23,0.67436034,400.58540000,388.17930000,748,-9279,290720,False,STOP,7211,FILLED,3.00000000
2025-06-19,2025-06-20,2025-06-23,0.45748857,1887.41910000,1874.68800000,158,-2011,297988,False,TIME,8306,FILLED,5.00000000
2025-06-20,2025-06-23,2025-06-24,0.62960395,25182.55250000,25867.23750000,11,7531,307531,True,TIME,1570,FILLED,5.00000000
2025-06-20,2025-06-23,2025-06-24,0.23799514,1893.22210000,1906.10190000,158,2035,302035,True,TIME,8306,FILLED,5.00000000
2025-06-23,2025-06-24,2025-06-25,0.73408916,26012.80150000,26072.17600000,11,653,300653,True,TIME,1570,FILLED,5.00000000
2025-06-23,2025-06-24,2025-06-25,0.15256147,683.66630000,680.82990000,438,-1242,298757,False,TIME,5020,FILLED,2.00000000
2025-06-23,2025-06-24,2025-06-25,0.31467898,1903.37730000,1899.33590000,157,-634,299365,False,TIME,8306,FILLED,5.00000000
2025-06-24,2025-06-25,2025-06-26,0.29891146,1912.08180000,1910.45150000,156,-254,299745,False,TIME,8306,FILLED,5.00000000
2025-06-25,2025-06-26,2025-06-27,0.23982792,1879.19810000,1917.70090000,159,6121,306121,True,TIME,8306,FILLED,5.00000000
2025-06-26,2025-06-27,2025-06-30,0.52216130,723.89990000,731.37770000,414,3095,303095,True,TIME,4188,FILLED,5.00000000
2025-06-26,2025-06-27,2025-06-30,0.31906757,394.64430000,397.61970000,760,2261,302261,True,TIME,7211,FILLED,3.00000000
2025-06-27,2025-06-30,2025-07-01,0.81564141,28423.52450000,27501.74700000,10,-9217,290782,False,TIME,1570,FILLED,5.00000000
2025-06-27,2025-06-30,2025-07-01,0.44943767,698.23310000,696.06740000,429,-929,299070,False,TIME,5020,FILLED,2.00000000
2025-06-27,2025-06-30,2025-07-01,0.15352086,1934.32650000,1903.20230000,155,-4824,295175,False,TIME,8306,FILLED,5.00000000
2025-06-30,2025-07-01,2025-07-02,0.51277304,28018.40300000,27221.83100000,10,-7965,292034,False,TIME,1570,FILLED,5.00000000
2025-06-30,2025-07-01,2025-07-02,0.19290056,1906.27890000,1907.55180000,157,199,300199,True,TIME,8306,FILLED,5.00000000
2025-07-01,2025-07-02,2025-07-03,0.65185696,26893.06550000,27176.84450000,11,3121,303121,True,TIME,1570,FILLED,5.00000000
2025-07-01,2025-07-02,2025-07-03,0.23078997,693.37750000,704.51100000,432,4809,304809,True,TIME,5020,FILLED,2.00000000
2025-07-01,2025-07-02,2025-07-03,0.39578964,1904.34450000,1920.11740000,157,2476,302476,True,TIME,8306,FILLED,5.00000000
2025-07-02,2025-07-03,2025-07-04,0.27714970,701.72910000,701.89060000,427,68,300068,True,TIME,5020,FILLED,2.00000000
2025-07-02,2025-07-03,2025-07-04,0.39601269,1914.98330000,1948.14840000,156,5173,305173,True,TIME,8306,FILLED,5.00000000
2025-07-03,2025-07-04,2025-07-07,0.24906180,704.25410000,692.76750000,425,-4881,295118,False,TIME,5020,FILLED,2.00000000
2025-07-03,2025-07-04,2025-07-07,0.15888417,1937.71170000,1903.20230000,154,-5314,294685,False,TIME,8306,FILLED,5.00000000
2025-07-04,2025-07-07,2025-07-08,0.22176125,702.79740000,699.36710000,426,-1461,298538,False,TIME,5020,FILLED,2.00000000
2025-07-04,2025-07-07,2025-07-08,0.47874561,1943.03110000,1901.26900000,154,-6431,293568,False,TIME,8306,FILLED,5.00000000
2025-07-07,2025-07-08,2025-07-09,0.56774393,26893.06550000,27276.81450000,11,4221,304221,True,TIME,1570,FILLED,5.00000000
2025-07-08,2025-07-09,2025-07-10,0.20579255,708.91540000,707.61660000,423,-549,299450,False,TIME,5020,FILLED,2.00000000
2025-07-08,2025-07-09,2025-07-10,0.47892214,1914.98320000,1906.58520000,156,-1310,298689,False,TIME,8306,FILLED,5.00000000
2025-07-11,2025-07-14,2025-07-15,0.64252468,26743.02050000,27076.87450000,11,3672,303672,True,TIME,1570,FILLED,5.00000000
2025-07-11,2025-07-14,2025-07-15,0.22926650,725.42440000,719.84540000,413,-2304,297695,False,TIME,5020,FILLED,2.00000000
2025-07-16,2025-07-17,2025-07-18,0.34546820,709.01250000,714.99270000,423,2529,302529,True,TIME,5020,FILLED,2.00000000
2025-07-16,2025-07-17,2025-07-18,0.30952611,1907.24590000,1902.23560000,157,-786,299213,False,TIME,8306,FILLED,5.00000000
2025-07-17,2025-07-18,2025-07-22,0.16112363,717.07270000,721.59240000,418,1889,301889,True,TIME,5020,FILLED,2.00000000
2025-07-17,2025-07-18,2025-07-22,0.48543613,394.64430000,382.42220000,760,-9288,290711,False,STOP,7211,FILLED,3.00000000
2025-07-17,2025-07-18,2025-07-22,0.45870551,1915.95040000,1933.16630000,156,2685,302685,True,TIME,8306,FILLED,5.00000000
2025-07-18,2025-07-22,2025-07-23,0.17742549,719.98610000,739.93550000,416,8298,308298,True,TIME,5020,FILLED,2.00000000
2025-07-22,2025-07-23,2025-07-24,0.40888423,729.30880000,750.70840000,411,8795,308795,True,TIME,5020,FILLED,2.00000000
2025-07-23,2025-07-24,2025-07-25,0.75263644,29908.97000000,29501.14700000,10,-4078,295921,False,TIME,1570,FILLED,5.00000000
2025-07-23,2025-07-24,2025-07-25,0.22753049,777.96550000,783.96350000,385,2309,302309,True,TIME,4188,FILLED,5.00000000
2025-07-24,2025-07-25,2025-07-28,0.44312712,29878.96100000,28921.32100000,10,-9576,290423,False,TIME,1570,FILLED,5.00000000
2025-07-24,2025-07-25,2025-07-28,0.65249593,782.40660000,792.35800000,383,3811,303811,True,TIME,4188,FILLED,5.00000000
2025-07-24,2025-07-25,2025-07-28,0.84842927,2082.78600000,2035.14070000,144,-6860,293139,False,TIME,8306,FILLED,5.00000000
2025-07-25,2025-07-28,2025-07-29,0.24069039,784.43410000,787.72660000,382,1257,301257,True,TIME,4188,FILLED,5.00000000
2025-07-25,2025-07-28,2025-07-29,0.31867471,752.61570000,759.44320000,398,2717,302717,True,TIME,5020,FILLED,2.00000000
2025-07-25,2025-07-28,2025-07-29,0.20186057,2079.40100000,2002.27690000,144,-11105,288894,False,TIME,8306,FILLED,5.00000000
2025-07-28,2025-07-29,2025-07-30,0.24312238,784.91680000,794.48070000,382,3653,303653,True,TIME,4188,FILLED,5.00000000
2025-07-28,2025-07-29,2025-07-30,0.43254393,2029.10850000,2019.19220000,147,-1457,298542,False,TIME,8306,FILLED,5.00000000
2025-07-29,2025-07-30,2025-07-31,0.47233188,788.19930000,798.14730000,380,3780,303780,True,TIME,4188,FILLED,5.00000000
2025-07-29,2025-07-30,2025-07-31,0.30217600,761.55000000,770.21610000,393,3405,303405,True,TIME,5020,FILLED,2.00000000
2025-07-29,2025-07-30,2025-07-31,0.33721074,390.65110000,389.15140000,767,-1150,298849,False,TIME,7211,FILLED,3.00000000
2025-07-30,2025-07-31,2025-08-01,0.62205403,766.01700000,771.18670000,391,2021,302021,True,TIME,5020,FILLED,2.00000000
2025-07-30,2025-07-31,2025-08-01,0.18223611,2015.56820000,2055.92230000,148,5972,305972,True,TIME,8306,FILLED,5.00000000
2025-07-31,2025-08-01,2025-08-04,0.43221380,28418.52300000,27911.62400000,10,-5068,294931,False,TIME,1570,FILLED,5.00000000
2025-07-31,2025-08-01,2025-08-04,0.59482948,767.66800000,751.56230000,390,-6281,293718,False,STOP,5020,FILLED,2.00000000
2025-07-31,2025-08-01,2025-08-04,0.28390503,2011.69960000,1978.59570000,149,-4932,295067,False,TIME,8306,FILLED,5.00000000
2025-08-01,2025-08-04,2025-08-05,0.34976829,741.27810000,737.84240000,404,-1388,298611,False,TIME,4188,FILLED,5.00000000
2025-08-01,2025-08-04,2025-08-05,0.30934941,748.05140000,759.92850000,401,4762,304762,True,TIME,5020,FILLED,2.00000000
2025-08-01,2025-08-04,2025-08-05,0.21824821,1977.84890000,1990.67800000,151,1937,301937,True,TIME,8306,FILLED,5.00000000
2025-08-04,2025-08-05,2025-08-06,0.34742603,759.41350000,782.93020000,395,9289,309289,True,TIME,5020,FILLED,2.00000000
2025-08-04,2025-08-05,2025-08-06,0.26670625,1982.68470000,2008.07650000,151,3834,303834,True,TIME,8306,FILLED,5.00000000
2025-08-05,2025-08-06,2025-08-07,0.29312876,478.69920000,479.00050000,626,188,300188,True,TIME,4689,FILLED,5.00000000
2025-08-05,2025-08-06,2025-08-07,0.64099062,764.26900000,789.72390000,392,9978,309978,True,TIME,5020,FILLED,2.00000000
2025-08-05,2025-08-06,2025-08-07,0.35477308,391.04070000,383.89520000,767,-5480,294519,False,TIME,7211,FILLED,3.00000000
2025-08-07,2025-08-08,2025-08-12,0.40618392,2058.12350000,2149.19760000,145,13205,313205,True,TIME,8306,FILLED,5.00000000
2025-08-08,2025-08-12,2025-08-13,0.21143834,813.79600000,816.41360000,368,963,300963,True,TIME,5020,FILLED,2.00000000
2025-08-08,2025-08-12,2025-08-13,0.50997762,2093.42490000,2149.68110000,143,8044,308044,True,TIME,8306,FILLED,5.00000000
2025-08-12,2025-08-13,2025-08-14,0.66961664,32049.61200000,31190.64000000,9,-7730,292269,False,TIME,1570,FILLED,5.00000000
2025-08-12,2025-08-13,2025-08-14,0.62161096,762.61470000,761.19250000,393,-558,299441,False,TIME,4188,FILLED,5.00000000
2025-08-12,2025-08-13,2025-08-14,0.22076918,806.90110000,822.33390000,371,5725,305725,True,TIME,5020,FILLED,2.00000000
2025-08-12,2025-08-13,2025-08-14,0.15780983,2166.44590000,2164.66290000,138,-246,299753,False,TIME,8306,FILLED,5.00000000
2025-08-13,2025-08-14,2025-08-15,0.35683962,760.10460000,765.53440000,394,2139,302139,True,TIME,4188,FILLED,5.00000000
2025-08-13,2025-08-14,2025-08-15,0.24724707,820.59380000,840.19170000,365,7153,307153,True,TIME,5020,FILLED,2.00000000
2025-08-13,2025-08-14,2025-08-15,0.33930211,2134.04570000,2294.66830000,140,22487,322487,True,TIME,8306,FILLED,5.00000000
2025-08-14,2025-08-15,2025-08-18,0.61674477,823.50720000,848.05300000,364,8934,308934,True,TIME,5020,FILLED,2.00000000
2025-08-15,2025-08-18,2025-08-19,0.43548777,32389.71400000,32460.25900000,9,634,300634,True,TIME,1570,FILLED,5.00000000
2025-08-15,2025-08-18,2025-08-19,0.15895983,772.46240000,769.29730000,388,-1228,298771,False,TIME,4188,FILLED,5.00000000
2025-08-15,2025-08-18,2025-08-19,0.52690013,844.38620000,845.62670000,355,440,300440,True,TIME,5020,FILLED,2.00000000
2025-08-15,2025-08-18,2025-08-19,0.22523545,2275.25150000,2177.22850000,131,-12841,287158,False,TIME,8306,FILLED,5.00000000
2025-08-18,2025-08-19,2025-08-20,0.27704187,848.56200000,844.65610000,353,-1378,298621,False,TIME,5020,FILLED,2.00000000
2025-08-19,2025-08-20,2025-08-21,0.49663467,32019.60300000,31150.65200000,9,-7820,292179,False,TIME,1570,FILLED,5.00000000
2025-08-21,2025-08-22,2025-08-25,0.37880464,820.25250000,799.40160000,365,-7610,292389,False,TIME,4188,FILLED,5.00000000
2025-08-26,2025-08-27,2025-08-28,0.16659153,828.94540000,851.64400000,361,8194,308194,True,TIME,5020,FILLED,2.00000000
2025-08-26,2025-08-27,2025-08-28,0.66345725,2195.46050000,2191.72710000,136,-507,299492,False,TIME,8306,FILLED,5.00000000
2025-08-27,2025-08-28,2025-08-29,0.36131499,842.15260000,853.87620000,356,4173,304173,True,TIME,5020,FILLED,2.00000000
2025-08-27,2025-08-28,2025-08-29,0.80935210,2161.60970000,2183.51130000,138,3022,303022,True,TIME,8306,FILLED,5.00000000
2025-08-28,2025-08-29,2025-09-01,0.57918807,854.58290000,858.92300000,351,1523,301523,True,TIME,5020,FILLED,2.00000000
2025-08-28,2025-08-29,2025-09-01,0.36933869,2182.40380000,2175.29520000,137,-973,299026,False,TIME,8306,FILLED,5.00000000
2025-08-29,2025-09-01,2025-09-02,0.16318459,822.85920000,836.06690000,364,4807,304807,True,TIME,4188,FILLED,5.00000000
2025-08-29,2025-09-01,2025-09-02,0.90619111,854.58300000,875.32500000,351,7280,307280,True,TIME,5020,FILLED,2.00000000
2025-08-29,2025-09-01,2025-09-02,0.61108325,2177.08440000,2196.07680000,137,2601,302601,True,TIME,8306,FILLED,5.00000000
2025-09-01,2025-09-02,2025-09-03,0.53419591,863.32300000,863.77570000,347,157,300157,True,TIME,5020,FILLED,2.00000000
2025-09-01,2025-09-02,2025-09-03,0.56379589,2176.11730000,2126.96620000,137,-6733,293266,False,TIME,8306,FILLED,5.00000000
2025-09-02,2025-09-03,2025-09-04,0.23521449,832.90000000,836.35640000,360,1244,301244,True,TIME,4188,FILLED,5.00000000
2025-09-02,2025-09-03,2025-09-04,0.30066022,877.11290000,869.50180000,342,-2602,297397,False,TIME,5020,FILLED,2.00000000
2025-09-02,2025-09-03,2025-09-04,0.31320725,2191.59200000,2172.39570000,136,-2610,297389,False,TIME,8306,FILLED,5.00000000
2025-09-03,2025-09-04,2025-09-05,0.54189133,862.35180000,864.55210000,347,763,300763,True,TIME,5020,FILLED,2.00000000
2025-09-03,2025-09-04,2025-09-05,0.80074823,2142.26670000,2192.69400000,140,7059,307059,True,TIME,8306,FILLED,5.00000000
2025-09-04,2025-09-05,2025-09-08,0.57550330,872.54860000,874.25740000,343,586,300586,True,TIME,5020,FILLED,2.00000000
2025-09-04,2025-09-05,2025-09-08,0.35026054,412.95460000,412.60950000,726,-250,299749,False,TIME,7211,FILLED,3.00000000
2025-09-04,2025-09-05,2025-09-08,0.69198253,2185.78920000,2209.12590000,137,3197,303197,True,TIME,8306,FILLED,5.00000000
2025-09-05,2025-09-08,2025-09-09,0.41716413,866.33340000,862.80510000,346,-1220,298779,False,TIME,5020,FILLED,2.00000000
2025-09-05,2025-09-08,2025-09-09,0.28651005,2197.87860000,2184.47780000,136,-1822,298177,False,TIME,8306,FILLED,5.00000000
2025-09-08,2025-09-09,2025-09-10,0.20072405,872.25720000,853.95730000,343,-6276,293723,False,STOP,5020,FILLED,2.00000000
2025-09-08,2025-09-09,2025-09-10,0.49165753,2214.80370000,2246.33930000,135,4257,304257,True,TIME,8306,FILLED,5.00000000
2025-09-09,2025-09-10,2025-09-11,0.33021235,859.82690000,878.23660000,348,6406,306406,True,TIME,5020,FILLED,2.00000000
2025-09-09,2025-09-10,2025-09-11,0.17929989,2212.86970000,2207.19240000,135,-766,299233,False,TIME,8306,FILLED,5.00000000
2025-09-10,2025-09-11,2025-09-12,0.26457374,867.20740000,877.46020000,345,3537,303537,True,TIME,5020,FILLED,2.00000000
2025-09-10,2025-09-11,2025-09-12,0.74218196,2229.31110000,2212.50870000,134,-2251,297748,False,TIME,8306,FILLED,5.00000000
2025-09-11,2025-09-12,2025-09-16,0.27662318,2222.54100000,2213.95870000,134,-1150,298849,False,TIME,8306,FILLED,5.00000000
2025-09-12,2025-09-16,2025-09-17,0.23240444,2209.96800000,2203.32640000,135,-896,299103,False,TIME,8306,FILLED,5.00000000
2025-09-16,2025-09-17,2025-09-18,0.34673200,2201.74730000,2205.74260000,136,543,300543,True,TIME,8306,FILLED,5.00000000
2025-09-17,2025-09-18,2025-09-19,0.68539626,34600.37700000,34649.60200000,8,393,300393,True,TIME,1570,FILLED,5.00000000
2025-09-17,2025-09-18,2025-09-19,0.48240197,410.03270000,405.89330000,731,-3025,296974,False,TIME,7211,FILLED,3.00000000
2025-09-17,2025-09-18,2025-09-19,0.28826201,2216.73810000,2263.25440000,135,6279,306279,True,TIME,8306,FILLED,5.00000000
2025-09-18,2025-09-19,2025-09-19,0.64515721,35980.79100000,34147.56970000,8,-14665,285334,False,STOP,1570,FILLED,5.00000000
2025-09-18,2025-09-19,2025-09-22,0.37411739,898.67160000,912.59360000,333,4636,304636,True,TIME,5020,FILLED,2.00000000
2025-09-18,2025-09-19,2025-09-22,0.17794735,2219.63970000,2289.83550000,135,9476,309476,True,TIME,8306,FILLED,5.00000000
2025-09-19,2025-09-22,2025-09-24,0.15006170,849.69900000,848.61030000,353,-384,299615,False,TIME,4188,FILLED,5.00000000
2025-09-19,2025-09-22,2025-09-24,0.88829003,896.34100000,923.36650000,334,9026,309026,True,TIME,5020,FILLED,2.00000000
2025-09-19,2025-09-22,2025-09-24,0.22873048,2288.79200000,2282.58630000,131,-812,299187,False,TIME,8306,FILLED,5.00000000
2025-09-22,2025-09-24,2025-09-25,0.50235906,2287.82490000,2293.70180000,131,769,300769,True,TIME,8306,FILLED,5.00000000
2025-09-24,2025-09-25,2025-09-26,0.36998593,2292.17700000,2314.48340000,130,2899,302899,True,TIME,8306,FILLED,5.00000000
2025-09-25,2025-09-26,2025-09-29,0.21129626,946.35340000,935.59530000,317,-3410,296589,False,TIME,5020,FILLED,2.00000000
2025-09-25,2025-09-26,2025-09-29,0.48388744,2297.01280000,2282.60330000,130,-1873,298126,False,TIME,8306,FILLED,5.00000000
2025-09-26,2025-09-29,2025-09-30,0.30284585,941.98870000,922.22570000,318,-6284,293715,False,STOP,5020,FILLED,2.00000000
2025-09-26,2025-09-29,2025-09-30,0.27289661,2306.54800000,2348.32510000,130,5431,305431,True,TIME,8306,FILLED,5.00000000
2025-09-30,2025-10-01,2025-10-02,0.33568429,915.49830000,913.26980000,327,-728,299271,False,TIME,5020,FILLED,2.00000000
2025-09-30,2025-10-01,2025-10-02,0.53168436,2314.40030000,2230.12420000,129,-10871,289128,False,TIME,8306,FILLED,5.00000000
2025-10-01,2025-10-02,2025-10-03,0.26668390,2257.47270000,2268.87060000,132,1504,301504,True,TIME,8306,FILLED,5.00000000
2025-10-02,2025-10-03,2025-10-06,0.28423742,449.65140000,457.52200000,667,5249,305249,True,TIME,4689,FILLED,5.00000000
2025-10-02,2025-10-03,2025-10-06,0.47620404,904.72430000,919.49330000,331,4888,304888,True,TIME,5020,FILLED,2.00000000
2025-10-02,2025-10-03,2025-10-06,0.59391891,2220.66610000,2271.81340000,135,6904,306904,True,TIME,8306,FILLED,5.00000000
2025-10-06,2025-10-07,2025-10-08,0.68274277,40442.12900000,39388.18000000,7,-7377,292622,False,TIME,1570,FILLED,5.00000000
2025-10-06,2025-10-07,2025-10-08,0.41004844,924.69090000,941.12730000,324,5325,305325,True,TIME,5020,FILLED,2.00000000
2025-10-06,2025-10-07,2025-10-08,0.32641554,2286.91800000,2300.75050000,131,1812,301812,True,TIME,8306,FILLED,5.00000000
2025-10-07,2025-10-08,2025-10-09,0.30913442,844.96110000,840.22860000,355,-1680,298319,False,TIME,4188,FILLED,5.00000000
2025-10-07,2025-10-08,2025-10-09,0.68216441,933.09270000,956.04390000,321,7367,307367,True,TIME,5020,FILLED,2.00000000
2025-10-08,2025-10-09,2025-10-10,0.30101380,940.01180000,920.29030000,319,-6291,293708,False,STOP,5020,FILLED,2.00000000
2025-10-08,2025-10-09,2025-10-10,0.24343447,2317.34470000,2241.40480000,129,-9796,290203,False,TIME,8306,FILLED,5.00000000
2025-10-09,2025-10-10,2025-10-10,0.64716365,947.12860000,927.25780000,316,-6279,293720,False,STOP,5020,FILLED,2.00000000
2025-10-09,2025-10-10,2025-10-14,0.32353437,2296.73310000,2198.24410000,130,-12803,287196,False,TIME,8306,FILLED,5.00000000
2025-10-10,2025-10-14,2025-10-15,0.26083379,792.35390000,807.99530000,378,5912,305912,True,TIME,4188,FILLED,5.00000000
2025-10-10,2025-10-14,2025-10-15,0.18259787,903.83470000,915.73950000,331,3940,303940,True,TIME,5020,FILLED,2.00000000
2025-10-14,2025-10-15,2025-10-16,0.53154702,2217.23070000,2257.09950000,135,5382,305382,True,TIME,8306,FILLED,5.00000000
2025-10-15,2025-10-16,2025-10-17,0.31279616,821.06660000,802.49200000,365,-6779,293220,False,TIME,4188,FILLED,5.00000000
2025-10-15,2025-10-16,2025-10-17,0.15268932,923.90010000,904.51670000,324,-6280,293719,False,STOP,5020,FILLED,2.00000000
2025-10-15,2025-10-16,2025-10-17,0.33087879,2264.34320000,2189.90630000,132,-9825,290174,False,TIME,8306,FILLED,5.00000000
2025-10-16,2025-10-17,2025-10-20,0.38388873,796.58210000,820.57420000,376,9021,309021,True,TIME,4188,FILLED,5.00000000
2025-10-16,2025-10-17,2025-10-20,0.30571290,911.14920000,922.16050000,329,3622,303622,True,TIME,5020,FILLED,2.00000000
2025-10-16,2025-10-17,2025-10-20,0.65240236,2209.37860000,2280.64150000,135,9620,309620,True,TIME,8306,FILLED,5.00000000
2025-10-17,2025-10-20,2025-10-21,0.73371558,810.74190000,826.37230000,370,5783,305783,True,TIME,4188,FILLED,5.00000000
2025-10-17,2025-10-20,2025-10-21,0.25967986,912.82950000,921.17270000,328,2736,302736,True,TIME,5020,FILLED,2.00000000
2025-10-17,2025-10-20,2025-10-21,0.50214578,2234.89790000,2263.47550000,134,3829,303829,True,TIME,8306,FILLED,5.00000000
2025-10-20,2025-10-21,2025-10-22,0.50558738,927.55740000,928.38400000,323,266,300266,True,TIME,5020,FILLED,2.00000000
2025-10-20,2025-10-21,2025-10-22,0.37904528,2296.24230000,2236.50020000,130,-7766,292233,False,TIME,8306,FILLED,5.00000000
2025-10-21,2025-10-22,2025-10-23,0.17240386,830.11310000,837.47700000,361,2658,302658,True,TIME,4188,FILLED,5.00000000
2025-10-21,2025-10-22,2025-10-23,0.29601060,2247.65760000,2218.35310000,133,-3897,296102,False,TIME,8306,FILLED,5.00000000
2025-10-22,2025-10-23,2025-10-24,0.22344049,840.63460000,847.99220000,356,2619,302619,True,TIME,4188,FILLED,5.00000000
2025-10-22,2025-10-23,2025-10-24,0.49524925,924.19660000,942.31270000,324,5869,305869,True,TIME,5020,FILLED,2.00000000
2025-10-23,2025-10-24,2025-10-27,0.33717420,845.64950000,859.19520000,354,4795,304795,True,TIME,4188,FILLED,5.00000000
2025-10-23,2025-10-24,2025-10-27,0.20154385,951.57660000,959.10620000,315,2371,302371,True,TIME,5020,FILLED,2.00000000
2025-10-24,2025-10-27,2025-10-28,0.48211036,953.75120000,941.22600000,314,-3932,296067,False,TIME,5020,FILLED,2.00000000
2025-10-24,2025-10-27,2025-10-28,0.70184945,1587.90160000,1554.58740000,188,-6263,293736,False,STOP,7267,FILLED,2.00000000
2025-10-24,2025-10-27,2025-10-28,0.50668460,2218.21220000,2230.12420000,135,1608,301608,True,TIME,8306,FILLED,5.00000000
2025-10-27,2025-10-28,2025-10-29,0.42927521,43573.06800000,45336.39500000,6,10579,310579,True,TIME,1570,FILLED,5.00000000
2025-10-27,2025-10-28,2025-10-29,0.60658474,2230.48120000,2236.99060000,134,872,300872,True,TIME,8306,FILLED,5.00000000
2025-10-28,2025-10-29,2025-10-30,0.42857832,832.96470000,829.91000000,360,-1099,298900,False,TIME,4188,FILLED,5.00000000
2025-10-28,2025-10-29,2025-10-30,0.63610139,2228.02730000,2277.69880000,134,6655,306655,True,TIME,8306,FILLED,5.00000000
2025-10-29,2025-10-30,2025-10-31,0.35272254,823.22990000,792.17340000,364,-11304,288695,False,TIME,4188,FILLED,5.00000000
2025-10-29,2025-10-30,2025-10-31,0.28028360,2253.05580000,2285.54630000,133,4321,304321,True,TIME,8306,FILLED,5.00000000
2025-10-30,2025-10-31,2025-10-31,0.17834819,842.69950000,799.76400000,355,-15242,284757,False,STOP,4188,FILLED,5.00000000
2025-10-30,2025-10-31,2025-11-04,0.31976102,2294.27940000,2287.50810000,130,-880,299119,False,TIME,8306,FILLED,5.00000000
2025-10-31,2025-11-04,2025-11-05,0.47221750,962.84480000,942.64430000,311,-6282,293717,False,STOP,5020,FILLED,2.00000000
2025-10-31,2025-11-04,2025-11-05,0.35327337,2275.63070000,2250.23290000,131,-3327,296672,False,TIME,8306,FILLED,5.00000000
2025-11-04,2025-11-05,2025-11-06,0.28072140,819.49340000,812.02440000,366,-2733,297266,False,TIME,4188,FILLED,5.00000000
2025-11-05,2025-11-06,2025-11-07,0.18644513,813.20010000,818.80520000,368,2062,302062,True,TIME,4188,FILLED,5.00000000
2025-11-05,2025-11-06,2025-11-07,0.32587248,958.69340000,964.34180000,312,1762,301762,True,TIME,5020,FILLED,2.00000000
2025-11-05,2025-11-06,2025-11-07,0.19322415,2269.74160000,2270.34190000,132,79,300079,True,TIME,8306,FILLED,5.00000000
2025-11-06,2025-11-07,2025-11-10,0.57244011,43102.92700000,44446.66200000,6,8062,308062,True,TIME,1570,FILLED,5.00000000
2025-11-06,2025-11-07,2025-11-10,0.19297528,812.61020000,836.39600000,369,8776,308776,True,TIME,4188,FILLED,5.00000000
2025-11-06,2025-11-07,2025-11-10,0.15314311,953.65230000,995.26160000,314,13065,313065,True,TIME,5020,FILLED,2.00000000
2025-11-06,2025-11-07,2025-11-10,0.56689684,2261.39860000,2285.54630000,132,3187,303187,True,TIME,8306,FILLED,5.00000000
2025-11-07,2025-11-10,2025-11-11,0.47024944,2286.91800000,2277.20850000,131,-1271,298728,False,TIME,8306,FILLED,5.00000000
2025-11-10,2025-11-11,2025-11-12,0.38437882,2306.54820000,2354.21080000,130,6196,306196,True,TIME,8306,FILLED,5.00000000
2025-11-11,2025-11-12,2025-11-12,0.41549440,996.84740000,975.93350000,300,-6274,293725,False,STOP,5020,FILLED,2.00000000
2025-11-11,2025-11-12,2025-11-13,0.24626455,2306.54820000,2403.25680000,130,12572,312572,True,TIME,8306,FILLED,5.00000000
2025-11-12,2025-11-13,2025-11-14,0.48977081,44523.35300000,43426.96800000,6,-6578,293421,False,TIME,1570,FILLED,5.00000000
2025-11-12,2025-11-13,2025-11-14,0.21338928,2385.06900000,2404.23770000,125,2396,302396,True,TIME,8306,FILLED,5.00000000
2025-11-13,2025-11-14,2025-11-17,0.38914936,1014.63940000,1041.19680000,295,7834,307834,True,TIME,5020,FILLED,2.00000000
2025-11-13,2025-11-14,2025-11-17,0.63184041,2379.67070000,2380.20520000,126,67,300067,True,TIME,8306,FILLED,5.00000000
2025-11-14,2025-11-17,2025-11-18,0.68549336,2378.68920000,2300.25990000,126,-9882,290117,False,TIME,8306,FILLED,5.00000000
2025-11-17,2025-11-18,2025-11-18,0.23726892,1030.45460000,1008.83560000,291,-6291,293708,False,STOP,5020,FILLED,2.00000000
2025-11-17,2025-11-18,2025-11-19,0.16583507,2356.60500000,2295.35540000,127,-7778,292221,False,TIME,8306,FILLED,5.00000000
2025-11-18,2025-11-19,2025-11-20,0.16258677,816.54340000,823.22750000,367,2453,302453,True,TIME,4188,FILLED,5.00000000
2025-11-18,2025-11-19,2025-11-20,0.15452504,994.87050000,1020.45190000,301,7699,307699,True,TIME,5020,FILLED,2.00000000
2025-11-18,2025-11-19,2025-11-20,0.25478506,2308.51110000,2340.96820000,129,4186,304186,True,TIME,8306,FILLED,5.00000000
2025-11-19,2025-11-20,2025-11-21,0.42834203,43292.98400000,41087.20650000,6,-13234,286765,False,STOP,1570,FILLED,5.00000000
2025-11-20,2025-11-21,2025-11-25,0.41701390,1006.23760000,1001.68270000,298,-1357,298642,False,TIME,5020,FILLED,2.00000000
2025-11-21,2025-11-25,2025-11-26,0.30631095,844.07620000,855.95220000,355,4215,304215,True,TIME,4188,FILLED,5.00000000
2025-11-21,2025-11-25,2025-11-26,0.33496829,1011.17990000,1024.40330000,296,3914,303914,True,TIME,5020,FILLED,2.00000000
2025-11-25,2025-11-26,2025-11-27,0.27237674,1018.09900000,1013.53690000,294,-1341,298658,False,TIME,5020,FILLED,2.00000000
2025-11-26,2025-11-27,2025-11-28,0.15233440,1032.92570000,1011.25490000,290,-6284,293715,False,STOP,5020,FILLED,2.00000000
2025-11-26,2025-11-27,2025-11-28,0.20260967,2404.69920000,2377.26240000,124,-3402,296597,False,TIME,8306,FILLED,5.00000000
2025-11-27,2025-11-28,2025-12-01,0.28838710,1013.15670000,1017.48830000,296,1282,301282,True,TIME,5020,FILLED,2.00000000
2025-11-28,2025-12-01,2025-12-02,0.18324158,1020.07590000,1032.80010000,294,3740,303740,True,TIME,5020,FILLED,2.00000000
2025-12-01,2025-12-02,2025-12-03,0.46832792,41872.55800000,42387.28000000,7,3603,303603,True,TIME,1570,FILLED,5.00000000
2025-12-01,2025-12-02,2025-12-03,0.37750901,1028.97190000,1039.22110000,291,2982,302982,True,TIME,5020,FILLED,2.00000000
2025-12-01,2025-12-02,2025-12-03,0.51751848,2453.77450000,2422.87520000,122,-3769,296230,False,TIME,8306,FILLED,5.00000000
2025-12-02,2025-12-03,2025-12-04,0.65991900,41952.58200000,44336.69500000,7,16688,316688,True,TIME,1570,FILLED,5.00000000
2025-12-02,2025-12-03,2025-12-04,0.45433872,2468.98810000,2467.01650000,121,-238,299761,False,TIME,8306,FILLED,5.00000000
2025-12-03,2025-12-04,2025-12-05,0.18053176,1047.75230000,1057.99020000,286,2928,302928,True,TIME,5020,FILLED,2.00000000
2025-12-04,2025-12-05,2025-12-08,0.35263561,838.56970000,846.71460000,357,2907,302907,True,TIME,4188,FILLED,5.00000000
2025-12-05,2025-12-08,2025-12-09,0.19494705,1064.06170000,1068.85660000,281,1347,301347,True,TIME,5020,FILLED,2.00000000
2025-12-05,2025-12-08,2025-12-09,0.23149788,2461.62670000,2438.57000000,121,-2789,297210,False,TIME,8306,FILLED,5.00000000
2025-12-08,2025-12-09,2025-12-10,0.34729108,839.74960000,857.42630000,357,6310,306310,True,TIME,4188,FILLED,5.00000000
2025-12-08,2025-12-09,2025-12-10,0.20631204,1072.46350000,1085.65020000,279,3679,303679,True,TIME,5020,FILLED,2.00000000
2025-12-08,2025-12-09,2025-12-10,0.47249938,359.65030000,361.40410000,834,1462,301462,True,TIME,7211,FILLED,3.00000000
2025-12-08,2025-12-09,2025-12-10,0.27188382,2463.09900000,2420.91340000,121,-5104,294895,False,TIME,8306,FILLED,5.00000000
2025-12-09,2025-12-10,2025-12-11,0.22808876,2404.69920000,2391.97600000,124,-1577,298422,False,TIME,8306,FILLED,5.00000000
2025-12-10,2025-12-11,2025-12-12,0.40448865,43953.18200000,44016.79100000,6,381,300381,True,TIME,1570,FILLED,5.00000000
2025-12-10,2025-12-11,2025-12-11,0.58560570,1097.17470000,1074.15590000,273,-6284,293715,False,STOP,5020,FILLED,2.00000000
2025-12-10,2025-12-11,2025-12-12,0.19034670,2435.12580000,2451.32180000,123,1992,301992,True,TIME,8306,FILLED,5.00000000
2025-12-11,2025-12-12,2025-12-15,0.30792478,2412.06030000,2509.19620000,124,12044,312044,True,TIME,8306,FILLED,5.00000000
2025-12-12,2025-12-15,2025-12-16,0.15604203,889.89860000,888.18560000,337,-577,299422,False,TIME,4188,FILLED,5.00000000
2025-12-12,2025-12-15,2025-12-16,0.17075429,2466.53430000,2429.74160000,121,-4451,295548,False,TIME,8306,FILLED,5.00000000
2025-12-15,2025-12-16,2025-12-17,0.61295588,895.79850000,874.82050000,334,-7006,292993,False,TIME,4188,FILLED,5.00000000
2025-12-15,2025-12-16,2025-12-16,0.33705214,1101.12840000,1078.02680000,272,-6283,293716,False,STOP,5020,FILLED,2.00000000
2025-12-16,2025-12-17,2025-12-18,0.17330729,882.22880000,872.16720000,340,-3420,296579,False,TIME,4188,FILLED,5.00000000
2025-12-16,2025-12-17,2025-12-18,0.46166815,2405.68060000,2382.65730000,124,-2854,297145,False,TIME,8306,FILLED,5.00000000
2025-12-17,2025-12-18,2025-12-19,0.19189669,2388.99490000,2402.76630000,125,1721,301721,True,TIME,8306,FILLED,5.00000000
2025-12-18,2025-12-19,2025-12-22,0.15025868,1062.08480000,1082.68660000,282,5809,305809,True,TIME,5020,FILLED,2.00000000
2025-12-18,2025-12-19,2025-12-22,0.28895014,2380.16140000,2447.39810000,126,8471,308471,True,TIME,8306,FILLED,5.00000000
2025-12-19,2025-12-22,2025-12-23,0.44287463,1090.25550000,1083.18060000,275,-1945,298054,False,TIME,5020,FILLED,2.00000000
2025-12-19,2025-12-22,2025-12-23,0.18608510,2452.79300000,2467.01650000,122,1735,301735,True,TIME,8306,FILLED,5.00000000
2025-12-22,2025-12-23,2025-12-24,0.31940499,1082.34800000,1085.65020000,277,914,300914,True,TIME,5020,FILLED,2.00000000
2025-12-22,2025-12-23,2025-12-24,0.19746837,2453.77450000,2433.66520000,122,-2453,297546,False,TIME,8306,FILLED,5.00000000
2025-12-23,2025-12-24,2025-12-25,0.36933795,902.58340000,903.12300000,332,179,300179,True,TIME,4188,FILLED,5.00000000
2025-12-23,2025-12-24,2025-12-25,0.56483887,1084.32490000,1090.09550000,276,1592,301592,True,TIME,5020,FILLED,2.00000000
2025-12-23,2025-12-24,2025-12-25,0.55129644,2465.55260000,2437.09850000,121,-3442,296557,False,TIME,8306,FILLED,5.00000000
2025-12-24,2025-12-25,2025-12-26,0.39230087,1087.29020000,1088.61370000,275,363,300363,True,TIME,5020,FILLED,2.00000000
2025-12-25,2025-12-26,2025-12-29,0.45911677,906.71330000,908.92100000,330,728,300728,True,TIME,4188,FILLED,5.00000000
2025-12-25,2025-12-26,2025-12-29,0.45949130,1090.74980000,1098.49230000,275,2129,302129,True,TIME,5020,FILLED,2.00000000
2025-12-25,2025-12-26,2025-12-29,0.29095789,2442.97800000,2448.86960000,122,718,300718,True,TIME,8306,FILLED,5.00000000
2025-12-26,2025-12-29,2025-12-30,0.55182318,1089.26710000,1093.55290000,275,1178,301178,True,TIME,5020,FILLED,2.00000000
2025-12-26,2025-12-29,2025-12-30,0.51617237,2440.03350000,2445.43630000,122,659,300659,True,TIME,8306,FILLED,5.00000000
2025-12-29,2025-12-30,2026-01-05,0.39178442,904.84500000,913.34330000,331,2812,302812,True,TIME,4188,FILLED,5.00000000
2025-12-29,2025-12-30,2026-01-05,0.48263856,2442.48720000,2496.44420000,122,6582,306582,True,TIME,8306,FILLED,5.00000000
2025-12-30,2026-01-05,2026-01-06,0.19105306,1106.56490000,1167.64190000,271,16551,316551,True,TIME,5020,FILLED,2.00000000
2025-12-30,2026-01-05,2026-01-06,0.46431010,2471.93250000,2574.91800000,121,12461,312461,True,TIME,8306,FILLED,5.00000000
2026-01-05,2026-01-06,2026-01-07,0.26242894,1126.82800000,1125.16430000,266,-442,299557,False,TIME,5020,FILLED,2.00000000
2026-01-07,2026-01-08,2026-01-09,0.16571548,1131.77030000,1156.77550000,265,6626,306626,True,TIME,5020,FILLED,2.00000000
2026-01-07,2026-01-08,2026-01-09,0.30478193,2543.09210000,2591.59360000,117,5674,305674,True,TIME,8306,FILLED,5.00000000
2026-01-08,2026-01-09,2026-01-13,0.16235997,2569.10210000,2728.92250000,116,18539,318539,True,TIME,8306,FILLED,5.00000000
2026-01-09,2026-01-13,2026-01-14,0.41639442,49074.71800000,50094.96700000,6,6121,306121,True,TIME,1570,FILLED,5.00000000
2026-01-09,2026-01-13,2026-01-14,0.44409113,1186.13470000,1221.47990000,252,8906,308906,True,TIME,5020,FILLED,2.00000000
2026-01-09,2026-01-13,2026-01-14,0.37837631,2691.30000000,2824.56230000,111,14792,314792,True,TIME,8306,FILLED,5.00000000
2026-01-13,2026-01-14,2026-01-15,0.21832358,2748.22750000,2907.45030000,109,17355,317355,True,TIME,8306,FILLED,5.00000000
2026-01-14,2026-01-15,2026-01-16,0.40820612,49374.80800000,49345.19200000,6,-177,299822,False,TIME,1570,FILLED,5.00000000
2026-01-14,2026-01-15,2026-01-16,0.23342766,1222.70720000,1215.55280000,245,-1752,298247,False,TIME,5020,FILLED,2.00000000
2026-01-15,2026-01-16,2026-01-19,0.24273876,2924.89930000,2896.66000000,102,-2880,297119,False,TIME,8306,FILLED,5.00000000
2026-01-16,2026-01-19,2026-01-20,0.22683977,2916.55650000,2878.02260000,102,-3930,296069,False,TIME,8306,FILLED,5.00000000
2026-01-19,2026-01-20,2026-01-21,0.55790755,48394.51400000,47065.87600000,6,-7971,292028,False,TIME,1570,FILLED,5.00000000
2026-01-19,2026-01-20,2026-01-21,0.28067086,1200.96140000,1216.04670000,249,3756,303756,True,TIME,5020,FILLED,2.00000000
2026-01-19,2026-01-20,2026-01-21,0.39791960,2909.68590000,2777.47800000,103,-13617,286382,False,TIME,8306,FILLED,5.00000000
2026-01-20,2026-01-21,2026-01-22,0.75853106,1196.51340000,1236.79160000,250,10069,310069,True,TIME,5020,FILLED,2.00000000
2026-01-21,2026-01-22,2026-01-23,0.27143172,1225.67250000,1241.73090000,244,3918,303918,True,TIME,5020,FILLED,2.00000000
2026-01-21,2026-01-22,2026-01-23,0.45929089,2829.20220000,2781.40190000,106,-5066,294933,False,TIME,8306,FILLED,5.00000000
2026-01-22,2026-01-23,2026-01-26,0.38867021,1005.92960000,988.61990000,298,-5158,294841,False,TIME,4188,FILLED,5.00000000
2026-01-22,2026-01-23,2026-01-26,0.18201565,1240.99350000,1214.95740000,241,-6274,293725,False,STOP,5020,FILLED,2.00000000
2026-01-22,2026-01-23,2026-01-26,0.16549582,2771.78390000,2677.91460000,108,-10137,289862,False,TIME,8306,FILLED,5.00000000
2026-01-26,2026-01-27,2026-01-28,0.40715112,985.77170000,976.33590000,304,-2868,297131,False,TIME,4188,FILLED,5.00000000
2026-01-26,2026-01-27,2026-01-28,0.18749012,2683.44790000,2697.53300000,111,1563,301563,True,TIME,8306,FILLED,5.00000000
2026-01-27,2026-01-28,2026-01-29,0.51324972,1229.62630000,1203.82880000,243,-6268,293731,False,STOP,5020,FILLED,2.00000000
2026-01-27,2026-01-28,2026-01-29,0.23970104,2694.24450000,2723.52740000,111,3250,303250,True,TIME,8306,FILLED,5.00000000
2026-01-28,2026-01-29,2026-01-30,0.54792102,1221.22450000,1282.72680000,245,15068,315068,True,TIME,5020,FILLED,2.00000000
2026-01-28,2026-01-29,2026-01-30,0.44629446,2720.25450000,2750.99330000,110,3381,303381,True,TIME,8306,FILLED,5.00000000
2026-01-29,2026-01-30,2026-01-30,0.22094427,1284.97930000,1258.02040000,233,-6281,293718,False,STOP,5020,FILLED,2.00000000
2026-01-29,2026-01-30,2026-02-02,0.27874346,2733.50500000,2691.64760000,109,-4562,295437,False,TIME,8306,FILLED,5.00000000
2026-02-02,2026-02-03,2026-02-04,0.35026714,1281.51970000,1354.84000000,234,17156,317156,True,TIME,5020,FILLED,2.00000000
2026-02-02,2026-02-03,2026-02-04,0.23158965,2770.31140000,2893.22670000,108,13274,313274,True,TIME,8306,FILLED,5.00000000
2026-02-03,2026-02-04,2026-02-05,0.15561904,1032.47900000,1034.31660000,290,532,300532,True,TIME,4188,FILLED,5.00000000
2026-02-03,2026-02-04,2026-02-05,0.15944184,1332.42470000,1340.02220000,225,1709,301709,True,TIME,5020,FILLED,2.00000000
2026-02-03,2026-02-04,2026-02-05,0.46231991,2830.67430000,2824.56230000,105,-641,299358,False,TIME,8306,FILLED,5.00000000
2026-02-04,2026-02-05,2026-02-05,0.65484671,1091.47790000,1035.86710000,274,-15237,284762,False,STOP,4188,FILLED,5.00000000
2026-02-04,2026-02-05,2026-02-06,0.45152110,392.95490000,431.22300000,763,29198,329198,True,TIME,7211,FILLED,3.00000000
2026-02-04,2026-02-05,2026-02-06,0.18904764,2893.00020000,2895.18860000,103,225,300225,True,TIME,8306,FILLED,5.00000000
2026-02-06,2026-02-09,2026-02-10,0.26432907,1081.64470000,1115.88250000,277,9483,309483,True,TIME,4188,FILLED,5.00000000
2026-02-06,2026-02-09,2026-02-10,0.27661076,1424.35010000,1442.75890000,210,3865,303865,True,TIME,5020,FILLED,2.00000000
2026-02-06,2026-02-09,2026-02-10,0.17939450,2993.60510000,2976.11470000,100,-1749,298250,False,TIME,8306,FILLED,5.00000000
2026-02-09,2026-02-10,2026-02-12,0.41091930,54896.46400000,56033.18500000,5,5683,305683,True,TIME,1570,FILLED,5.00000000
2026-02-09,2026-02-10,2026-02-12,0.34601978,2944.52960000,3026.14170000,101,8242,308242,True,TIME,8306,FILLED,5.00000000
2026-02-10,2026-02-12,2026-02-13,0.80246125,56396.91400000,54703.58400000,5,-8466,291533,False,TIME,1570,FILLED,5.00000000
2026-02-10,2026-02-12,2026-02-13,0.15897036,1473.27810000,1442.36880000,203,-6274,293725,False,STOP,5020,FILLED,2.00000000
2026-02-10,2026-02-12,2026-02-13,0.65259421,446.26200000,437.23000000,672,-6069,293930,False,TIME,7211,FILLED,3.00000000
2026-02-10,2026-02-12,2026-02-13,0.40228692,2971.03030000,2945.70610000,100,-2532,297467,False,TIME,8306,FILLED,5.00000000
2026-02-12,2026-02-13,2026-02-16,0.91291787,55066.51500000,54393.67700000,5,-3364,296635,False,TIME,1570,FILLED,5.00000000
2026-02-12,2026-02-13,2026-02-13,0.57920871,1453.50930000,1423.01470000,206,-6281,293718,False,STOP,5020,FILLED,2.00000000
2026-02-12,2026-02-13,2026-02-16,0.73127672,446.85320000,433.01420000,671,-9285,290714,False,STOP,7211,FILLED,3.00000000
2026-02-12,2026-02-13,2026-02-16,0.22056179,2959.25220000,2855.46150000,101,-10482,289517,False,TIME,8306,FILLED,5.00000000
2026-02-13,2026-02-16,2026-02-17,0.48936657,1096.39440000,1099.17630000,273,759,300759,True,TIME,4188,FILLED,5.00000000
2026-02-16,2026-02-17,2026-02-18,0.82760340,54436.32600000,54963.50600000,5,2635,302635,True,TIME,1570,FILLED,5.00000000
2026-02-16,2026-02-17,2026-02-18,0.20218203,1403.59270000,1425.96540000,213,4765,304765,True,TIME,5020,FILLED,2.00000000
2026-02-17,2026-02-18,2026-02-19,0.16500166,1094.42780000,1112.93450000,274,5070,305070,True,TIME,4188,FILLED,5.00000000
2026-02-17,2026-02-18,2026-02-19,0.21694526,1406.06390000,1436.83180000,213,6553,306553,True,TIME,5020,FILLED,2.00000000
2026-02-17,2026-02-18,2026-02-19,0.58998234,2888.09260000,2951.59160000,103,6540,306540,True,TIME,8306,FILLED,5.00000000
2026-02-18,2026-02-19,2026-02-20,0.20172272,1439.17680000,1438.31360000,208,-179,299820,False,TIME,5020,FILLED,2.00000000
2026-02-19,2026-02-20,2026-02-24,0.67710511,1444.61330000,1437.32580000,207,-1508,298491,False,TIME,5020,FILLED,2.00000000
2026-02-20,2026-02-24,2026-02-25,0.31152399,1109.17750000,1107.52950000,270,-444,299555,False,TIME,4188,FILLED,5.00000000
2026-02-24,2026-02-25,2026-02-26,0.31402436,2834.60050000,2869.19420000,105,3632,303632,True,TIME,8306,FILLED,5.00000000
2026-02-25,2026-02-26,2026-02-27,0.40824271,1130.81040000,1140.45070000,265,2554,302554,True,TIME,4188,FILLED,5.00000000
2026-02-25,2026-02-26,2026-02-27,0.72407137,1450.54400000,1420.11160000,206,-6269,293730,False,STOP,5020,FILLED,2.00000000
2026-02-25,2026-02-26,2026-02-27,0.54604132,2826.74830000,2911.86420000,106,9022,309022,True,TIME,8306,FILLED,5.00000000
2026-02-26,2026-02-27,2026-03-02,0.16718139,1113.60240000,1139.46800000,269,6957,306957,True,TIME,4188,FILLED,5.00000000
2026-02-26,2026-02-27,2026-03-02,0.68716329,1428.30390000,1525.24460000,210,20357,320357,True,TIME,5020,FILLED,2.00000000
2026-02-26,2026-02-27,2026-03-02,0.43374459,2880.24050000,2733.49230000,104,-15261,284738,False,STOP,8306,FILLED,5.00000000
2026-02-27,2026-03-02,2026-03-03,0.23439062,1126.38550000,1091.31450000,266,-9328,290671,False,TIME,4188,FILLED,5.00000000
2026-02-27,2026-03-02,2026-03-03,0.91314838,1511.91610000,1480.19610000,198,-6280,293719,False,STOP,7267,FILLED,2.00000000
2026-02-27,2026-03-02,2026-03-03,0.39223319,2770.31150000,2722.05620000,108,-5211,294788,False,TIME,8306,FILLED,5.00000000
2026-03-02,2026-03-03,2026-03-04,0.84646281,1120.97720000,1063.86340000,267,-15249,284750,False,STOP,4188,FILLED,5.00000000
2026-03-02,2026-03-03,2026-03-03,0.43484076,1496.50670000,1465.11000000,200,-6279,293720,False,STOP,5020,FILLED,2.00000000
2026-03-02,2026-03-03,2026-03-04,0.61659840,2756.57050000,2616.12320000,108,-15168,284831,False,STOP,8306,FILLED,5.00000000
2026-03-03,2026-03-04,2026-03-04,0.45336390,1349.22820000,1320.92140000,222,-6284,293715,False,STOP,5020,FILLED,2.00000000
2026-03-03,2026-03-04,2026-03-05,0.40837073,2642.22440000,2682.81920000,113,4587,304587,True,TIME,8306,FILLED,5.00000000
2026-03-04,2026-03-05,2026-03-06,0.43948406,1045.26210000,992.00600000,287,-15284,284715,False,STOP,4188,FILLED,5.00000000
2026-03-04,2026-03-05,2026-03-06,0.21437501,1351.69940000,1380.03020000,221,6261,306261,True,TIME,5020,FILLED,2.00000000
2026-03-04,2026-03-05,2026-03-06,0.73165392,2694.24450000,2706.85180000,111,1399,301399,True,TIME,8306,FILLED,5.00000000
2026-03-05,2026-03-06,2026-03-09,0.68548608,50175.04800000,47618.62930000,5,-12782,287217,False,STOP,1570,FILLED,5.00000000
2026-03-05,2026-03-06,2026-03-09,0.51071875,992.16320000,941.61250000,302,-15266,284733,False,STOP,4188,FILLED,5.00000000
2026-03-05,2026-03-06,2026-03-09,0.76230033,1361.58380000,1333.01780000,220,-6284,293715,False,STOP,5020,FILLED,2.00000000
2026-03-05,2026-03-06,2026-03-09,0.69969393,2646.15050000,2614.15470000,113,-3615,296384,False,TIME,8306,FILLED,5.00000000
2026-03-06,2026-03-09,2026-03-10,0.62986335,45653.69200000,48995.29700000,6,20049,320049,True,TIME,1570,FILLED,5.00000000
2026-03-06,2026-03-09,2026-03-10,0.89469443,931.68940000,959.23640000,321,8842,308842,True,TIME,4188,FILLED,5.00000000
2026-03-06,2026-03-09,2026-03-10,0.24474400,2531.31380000,2669.57680000,118,16315,316315,True,TIME,8306,FILLED,5.00000000
2026-03-09,2026-03-10,2026-03-11,0.68141013,49204.75700000,50244.92200000,6,6240,306240,True,TIME,1570,FILLED,5.00000000
2026-03-09,2026-03-10,2026-03-11,0.67975391,963.84380000,952.35740000,311,-3572,296427,False,TIME,4188,FILLED,5.00000000
2026-03-09,2026-03-10,2026-03-11,0.74736203,1335.88430000,1355.33390000,224,4356,304356,True,TIME,5020,FILLED,2.00000000
2026-03-09,2026-03-10,2026-03-11,0.94401026,2664.79920000,2633.28280000,112,-3529,296470,False,TIME,8306,FILLED,5.00000000
2026-03-10,2026-03-11,2026-03-12,0.79388556,50425.12300000,49445.16200000,5,-4899,295100,False,TIME,1570,FILLED,5.00000000
2026-03-10,2026-03-11,2026-03-12,0.83242858,962.07380000,913.05620000,311,-15244,284755,False,STOP,4188,FILLED,5.00000000
2026-03-10,2026-03-11,2026-03-12,0.54559894,2687.37400000,2603.36480000,111,-9325,290674,False,TIME,8306,FILLED,5.00000000
2026-03-11,2026-03-12,2026-03-13,0.83212812,49274.77800000,48125.55800000,6,-6895,293104,False,TIME,1570,FILLED,5.00000000
2026-03-11,2026-03-12,2026-03-13,0.56788548,946.43910000,908.52790000,316,-11979,288020,False,TIME,4188,FILLED,5.00000000
2026-03-11,2026-03-12,2026-03-13,0.36545019,2627.50200000,2605.32660000,114,-2527,297472,False,TIME,8306,FILLED,5.00000000
2026-03-12,2026-03-13,2026-03-16,0.41103675,901.50170000,894.47500000,332,-2332,297667,False,TIME,4188,FILLED,5.00000000
2026-03-12,2026-03-13,2026-03-16,0.28891492,1323.52870000,1312.36240000,226,-2523,297476,False,TIME,5020,FILLED,2.00000000
2026-03-12,2026-03-13,2026-03-16,0.44596128,357.67960000,355.10170000,838,-2160,297839,False,TIME,7211,FILLED,3.00000000
2026-03-12,2026-03-13,2026-03-16,0.56062923,2544.07360000,2583.74610000,117,4641,304641,True,TIME,8306,FILLED,5.00000000
2026-03-13,2026-03-16,2026-03-17,0.61077408,894.32350000,896.24390000,335,643,300643,True,TIME,4188,FILLED,5.00000000
2026-03-13,2026-03-16,2026-03-16,0.24948212,1359.60700000,1331.08240000,220,-6275,293724,False,STOP,5020,FILLED,2.00000000
2026-03-13,2026-03-16,2026-03-17,0.30672081,1320.00410000,1306.55570000,227,-3052,296947,False,TIME,7267,FILLED,2.00000000
2026-03-13,2026-03-16,2026-03-17,0.53754679,2575.97250000,2608.75960000,116,3803,303803,True,TIME,8306,FILLED,5.00000000
2026-03-16,2026-03-17,2026-03-18,0.65815281,48884.66100000,50834.74500000,6,11700,311700,True,TIME,1570,FILLED,5.00000000
2026-03-16,2026-03-17,2026-03-18,0.71079897,908.87650000,938.59930000,330,9808,309808,True,TIME,4188,FILLED,5.00000000
2026-03-16,2026-03-17,2026-03-18,0.58749552,1319.08070000,1421.52010000,227,23253,323253,True,TIME,5020,FILLED,2.00000000
2026-03-16,2026-03-17,2026-03-18,0.55402668,2620.63120000,2678.89560000,114,6642,306642,True,TIME,8306,FILLED,5.00000000
2026-03-17,2026-03-18,2026-03-19,0.60434193,49214.76000000,47245.82200000,6,-11813,288186,False,TIME,1570,FILLED,5.00000000
2026-03-17,2026-03-18,2026-03-19,0.50254572,911.43320000,891.52680000,329,-6549,293450,False,TIME,4188,FILLED,5.00000000
2026-03-17,2026-03-18,2026-03-19,0.46441485,2645.16900000,2634.75400000,113,-1176,298823,False,TIME,8306,FILLED,5.00000000
2026-03-18,2026-03-19,2026-03-23,0.47644129,48194.45400000,45738.94660000,6,-14733,285266,False,STOP,1570,FILLED,5.00000000
2026-03-18,2026-03-19,2026-03-23,0.53910002,898.35510000,852.58390000,333,-15241,284758,False,STOP,4188,FILLED,5.00000000
2026-03-18,2026-03-19,2026-03-19,0.32232546,1391.23720000,1362.04900000,215,-6275,293724,False,STOP,5020,FILLED,2.00000000
2026-03-18,2026-03-19,2026-03-23,0.29351837,2640.26140000,2505.74010000,113,-15200,284799,False,STOP,8306,FILLED,5.00000000
2026-03-19,2026-03-23,2026-03-24,0.16393047,853.90940000,888.57860000,351,12168,312168,True,TIME,4188,FILLED,5.00000000
2026-03-19,2026-03-23,2026-03-24,0.63506600,2503.83170000,2588.65090000,119,10093,310093,True,TIME,8306,FILLED,5.00000000
2026-03-23,2026-03-24,2026-03-25,0.16201327,887.73530000,918.84650000,337,10484,310484,True,TIME,4188,FILLED,5.00000000
2026-03-23,2026-03-24,2026-03-25,0.38061536,1334.40160000,1359.28530000,224,5573,305573,True,TIME,5020,FILLED,2.00000000
2026-03-23,2026-03-24,2026-03-25,0.77810339,1274.21800000,1279.29520000,235,1193,301193,True,TIME,7267,FILLED,2.00000000
2026-03-23,2026-03-24,2026-03-25,0.59023515,2566.15760000,2666.63410000,116,11655,311655,True,TIME,8306,FILLED,5.00000000
2026-03-24,2026-03-25,2026-03-26,0.50342635,924.31460000,916.38970000,324,-2567,297432,False,TIME,4188,FILLED,5.00000000
2026-03-24,2026-03-25,2026-03-25,0.75553474,1383.82380000,1354.79120000,216,-6271,293728,False,STOP,5020,FILLED,2.00000000
2026-03-24,2026-03-25,2026-03-26,0.52057275,1287.85640000,1285.13670000,232,-630,299369,False,TIME,7267,FILLED,2.00000000
2026-03-25,2026-03-26,2026-03-27,0.47367927,931.09950000,925.92220000,322,-1667,298332,False,TIME,4188,FILLED,5.00000000
2026-03-25,2026-03-26,2026-03-27,0.47653123,1386.78920000,1417.07470000,216,6541,306541,True,TIME,5020,FILLED,2.00000000
2026-03-26,2026-03-27,2026-03-30,0.32268168,918.41470000,905.22830000,326,-4298,295701,False,TIME,4188,FILLED,5.00000000
2026-03-26,2026-03-27,2026-03-30,0.18588291,1392.71990000,1436.06910000,215,9320,309320,True,TIME,5020,FILLED,2.00000000
2026-03-26,2026-03-27,2026-03-30,0.20951920,2630.93710000,2620.21370000,114,-1222,298777,False,TIME,8306,FILLED,5.00000000
2026-03-27,2026-03-30,2026-03-31,0.25462733,1390.91710000,1410.07690000,215,4119,304119,True,TIME,5020,FILLED,2.00000000
2026-03-27,2026-03-30,2026-03-31,0.27674131,2599.77970000,2599.22000000,115,-64,299935,False,TIME,8306,FILLED,5.00000000
2026-03-30,2026-03-31,2026-04-01,0.55724349,43413.02000000,48315.50100000,6,29414,329414,True,TIME,1570,FILLED,5.00000000
2026-03-30,2026-03-31,2026-04-01,0.41825457,893.66800000,945.81610000,335,17469,317469,True,TIME,4188,FILLED,5.00000000
2026-03-30,2026-03-31,2026-03-31,0.24916215,1435.43050000,1405.31520000,208,-6263,293736,False,STOP,5020,FILLED,2.00000000
2026-03-30,2026-03-31,2026-04-01,0.40765708,2575.77250000,2807.15760000,116,26840,326840,True,TIME,8306,FILLED,5.00000000
2026-03-31,2026-04-01,2026-04-02,0.72706366,46764.02500000,45986.20000000,6,-4666,295333,False,TIME,1570,FILLED,5.00000000
2026-03-31,2026-04-01,2026-04-02,0.36290007,936.48090000,907.52760000,320,-9265,290734,False,TIME,4188,FILLED,5.00000000
2026-03-31,2026-04-01,2026-04-02,0.31788268,1449.93480000,1438.56830000,206,-2341,297658,False,TIME,5020,FILLED,2.00000000
2026-03-31,2026-04-01,2026-04-02,0.36278157,315.29460000,305.52990000,951,-9286,290713,False,STOP,7211,FILLED,3.00000000
2026-03-31,2026-04-01,2026-04-02,0.45272166,2710.81300000,2759.17200000,110,5319,305319,True,TIME,8306,FILLED,5.00000000
2026-04-01,2026-04-02,2026-04-02,0.31505197,955.28650000,906.61470000,314,-15282,284717,False,STOP,4188,FILLED,5.00000000
2026-04-01,2026-04-02,2026-04-03,0.61629722,2841.85230000,2760.67160000,105,-8523,291476,False,TIME,8306,FILLED,5.00000000
2026-04-02,2026-04-03,2026-04-06,0.42746509,47354.20200000,47655.69900000,6,1808,301808,True,TIME,1570,FILLED,5.00000000
2026-04-02,2026-04-03,2026-04-06,0.19614868,916.87500000,917.22480000,327,114,300114,True,TIME,4188,FILLED,5.00000000
2026-04-02,2026-04-03,2026-04-06,0.53745028,1440.43200000,1459.56200000,208,3979,303979,True,TIME,5020,FILLED,2.00000000
2026-04-02,2026-04-03,2026-04-06,0.19620731,2781.83430000,2791.16240000,107,998,300998,True,TIME,8306,FILLED,5.00000000
2026-04-03,2026-04-06,2026-04-07,0.27447808,1456.43680000,1471.05850000,205,2997,302997,True,TIME,5020,FILLED,2.00000000
2026-04-06,2026-04-07,2026-04-08,0.27539632,917.57520000,1004.19870000,326,28239,328239,True,TIME,4188,FILLED,5.00000000
2026-04-06,2026-04-07,2026-04-08,0.15407267,1472.44160000,1441.54980000,203,-6271,293728,False,STOP,5020,FILLED,2.00000000
2026-04-06,2026-04-07,2026-04-08,0.59640756,2800.84000000,2884.13450000,107,8912,308912,True,TIME,8306,FILLED,5.00000000
2026-04-07,2026-04-08,2026-04-09,0.55215309,52195.65400000,52124.35800000,5,-356,299643,False,TIME,1570,FILLED,5.00000000
2026-04-07,2026-04-08,2026-04-08,0.62306548,1519.45570000,1487.57750000,197,-6280,293719,False,STOP,5020,FILLED,2.00000000
2026-04-07,2026-04-08,2026-04-09,0.34513616,313.09390000,318.50440000,958,5183,305183,True,TIME,7211,FILLED,3.00000000
2026-04-07,2026-04-08,2026-04-09,0.58509922,2930.87900000,2841.64720000,102,-9101,290898,False,TIME,8306,FILLED,5.00000000
2026-04-08,2026-04-09,2026-04-10,0.75643643,52885.86100000,53783.86000000,5,4489,304489,True,TIME,1570,FILLED,5.00000000
2026-04-08,2026-04-09,2026-04-10,0.60077516,1010.30300000,983.80470000,296,-7843,292156,False,TIME,4188,FILLED,5.00000000
2026-04-08,2026-04-09,2026-04-10,0.83699488,1466.93990000,1436.16350000,204,-6278,293721,False,STOP,5020,FILLED,2.00000000
2026-04-08,2026-04-09,2026-04-10,0.18977778,2896.86880000,2841.14740000,103,-5739,294260,False,TIME,8306,FILLED,5.00000000
2026-04-09,2026-04-10,2026-04-13,0.25853064,991.29730000,976.50690000,302,-4466,295533,False,TIME,4188,FILLED,5.00000000
2026-04-09,2026-04-10,2026-04-10,0.36542839,1450.43500000,1420.00490000,206,-6268,293731,False,STOP,5020,FILLED,2.00000000
2026-04-09,2026-04-10,2026-04-13,0.19734517,2851.85530000,2859.14200000,105,765,300765,True,TIME,8306,FILLED,5.00000000
2026-04-10,2026-04-13,2026-04-14,0.18279343,973.29190000,967.80950000,308,-1688,298311,False,TIME,4188,FILLED,5.00000000
2026-04-10,2026-04-13,2026-04-14,0.24714252,2848.35420000,2849.14500000,105,83,300083,True,TIME,8306,FILLED,5.00000000
2026-04-13,2026-04-14,2026-04-15,0.95102621,988.29640000,995.90120000,303,2304,302304,True,TIME,4188,FILLED,5.00000000
2026-04-13,2026-04-14,2026-04-15,0.26981199,2890.36680000,2912.62600000,103,2292,302292,True,TIME,8306,FILLED,5.00000000
2026-04-14,2026-04-15,2026-04-16,0.34679460,2866.85980000,2945.61610000,104,8190,308190,True,TIME,8306,FILLED,5.00000000
2026-04-15,2026-04-16,2026-04-17,0.46267462,993.69800000,988.60340000,301,-1533,298466,False,TIME,4188,FILLED,5.00000000
2026-04-15,2026-04-16,2026-04-17,0.22869875,1414.42420000,1384.74960000,212,-6291,293708,False,STOP,5020,FILLED,2.00000000
2026-04-15,2026-04-16,2026-04-17,0.44045177,2935.88050000,2869.13900000,102,-6807,293192,False,TIME,8306,FILLED,5.00000000
2026-04-16,2026-04-17,2026-04-20,0.83319304,58407.51700000,57352.78900000,5,-5273,294726,False,TIME,1570,FILLED,5.00000000
2026-04-16,2026-04-17,2026-04-17,0.21633891,1410.92310000,1381.32200000,212,-6275,293724,False,STOP,5020,FILLED,2.00000000
2026-04-16,2026-04-17,2026-04-20,0.42055179,334.80040000,335.39940000,896,536,300536,True,TIME,7211,FILLED,3.00000000
2026-04-17,2026-04-20,2026-04-20,0.17177281,1372.41160000,1343.61840000,218,-6276,293723,False,STOP,5020,FILLED,2.00000000
2026-04-20,2026-04-21,2026-04-22,0.54014305,1344.40320000,1316.19760000,223,-6289,293710,False,STOP,5020,FILLED,2.00000000
2026-04-20,2026-04-21,2026-04-22,0.27828751,2880.36380000,2793.16180000,104,-9069,290930,False,TIME,8306,FILLED,5.00000000
2026-04-21,2026-04-22,2026-04-23,0.27618465,960.48810000,911.55120000,312,-15268,284731,False,STOP,4188,FILLED,5.00000000
2026-04-21,2026-04-22,2026-04-23,0.42952779,1320.39600000,1292.69410000,227,-6288,293711,False,STOP,5020,FILLED,2.00000000
2026-04-21,2026-04-22,2026-04-23,0.45285766,2820.84600000,2751.17440000,106,-7385,292614,False,TIME,8306,FILLED,5.00000000
2026-04-22,2026-04-23,2026-04-24,0.15412666,1310.39300000,1299.11010000,228,-2572,297427,False,TIME,5020,FILLED,2.00000000
2026-04-22,2026-04-23,2026-04-24,0.54395159,2794.83820000,2754.67340000,107,-4297,295702,False,TIME,8306,FILLED,5.00000000
2026-04-23,2026-04-24,2026-04-24,0.18446550,1317.39510000,1289.75620000,227,-6274,293725,False,STOP,5020,FILLED,2.00000000
2026-04-23,2026-04-24,2026-04-27,0.22986099,2783.33470000,2787.16360000,107,409,300409,True,TIME,8306,FILLED,5.00000000
2026-04-24,2026-04-27,2026-04-28,0.41164966,911.37330000,918.02450000,329,2188,302188,True,TIME,4188,FILLED,5.00000000
2026-04-24,2026-04-27,2026-04-28,0.71233075,2745.82350000,2874.13750000,109,13986,313986,True,TIME,8306,FILLED,5.00000000
2026-04-28,2026-04-30,2026-05-01,0.17054977,912.67370000,897.73060000,328,-4901,295098,False,TIME,4188,FILLED,5.00000000
2026-04-28,2026-04-30,2026-04-30,0.61931175,1320.39600000,1292.69410000,227,-6288,293711,False,STOP,5020,FILLED,2.00000000
2026-04-28,2026-04-30,2026-05-01,0.20105207,2868.86040000,2797.16060000,104,-7456,292543,False,TIME,8306,FILLED,5.00000000
2026-04-30,2026-05-01,2026-05-01,0.15784065,1306.89190000,1279.47340000,229,-6278,293721,False,STOP,5020,FILLED,2.00000000
2026-04-30,2026-05-01,2026-05-07,0.20846571,2800.84000000,2862.14110000,107,6559,306559,True,TIME,8306,FILLED,5.00000000
2026-05-01,2026-05-07,2026-05-08,0.45349942,63419.02000000,64780.56000000,4,5446,305446,True,TIME,1570,FILLED,5.00000000
2026-05-01,2026-05-07,2026-05-08,0.74615415,928.27840000,922.12330000,323,-1988,298011,False,TIME,4188,FILLED,5.00000000
2026-05-01,2026-05-07,2026-05-08,0.27605646,1333.39990000,1305.42520000,224,-6266,293733,False,STOP,5020,FILLED,2.00000000
2026-05-07,2026-05-08,2026-05-11,0.44675764,924.17720000,927.02180000,324,921,300921,True,TIME,4188,FILLED,5.00000000
2026-05-07,2026-05-08,2026-05-11,0.31867491,2817.34490000,2855.64310000,106,4059,304059,True,TIME,8306,FILLED,5.00000000
2026-05-08,2026-05-11,2026-05-12,0.66059037,66289.88100000,64810.55100000,4,-5917,294082,False,TIME,1570,FILLED,5.00000000
2026-05-08,2026-05-11,2026-05-12,0.41293401,1281.38430000,1370.58870000,234,20873,320873,True,TIME,5020,FILLED,2.00000000
2026-05-08,2026-05-11,2026-05-12,0.17404670,2810.84300000,2885.13420000,106,7874,307874,True,TIME,8306,FILLED,5.00000000
2026-05-11,2026-05-12,2026-05-13,0.24782564,928.27840000,1006.69790000,323,25329,325329,True,TIME,4188,FILLED,5.00000000
2026-05-11,2026-05-12,2026-05-13,0.33471799,1357.40710000,1351.09460000,221,-1395,298604,False,TIME,5020,FILLED,2.00000000
2026-05-11,2026-05-12,2026-05-13,0.36384630,2886.36560000,2925.62200000,103,4043,304043,True,TIME,8306,FILLED,5.00000000
2026-05-12,2026-05-13,2026-05-14,0.43259881,63969.18500000,64750.56900000,4,3125,303125,True,TIME,1570,FILLED,5.00000000
2026-05-12,2026-05-13,2026-05-14,0.26247449,1343.40290000,1315.21830000,223,-6285,293714,False,STOP,5020,FILLED,2.00000000
2026-05-12,2026-05-13,2026-05-14,0.40331622,2876.36270000,2876.13690000,104,-23,299976,False,TIME,8306,FILLED,5.00000000
2026-05-13,2026-05-14,2026-05-15,0.16530621,1007.30210000,1016.19510000,297,2641,302641,True,TIME,4188,FILLED,5.00000000
2026-05-13,2026-05-14,2026-05-14,0.42439543,1341.40230000,1313.25970000,223,-6275,293724,False,STOP,5020,FILLED,2.00000000
2026-05-13,2026-05-14,2026-05-15,0.17506596,2921.37620000,2928.12130000,102,688,300688,True,TIME,8306,FILLED,5.00000000
2026-05-14,2026-05-15,2026-05-18,0.56836908,1369.41070000,1357.59260000,219,-2588,297411,False,TIME,5020,FILLED,2.00000000
2026-05-14,2026-05-15,2026-05-18,0.38169256,2911.37310000,2994.10150000,103,8521,308521,True,TIME,8306,FILLED,5.00000000
2026-05-15,2026-05-18,2026-05-19,0.20141010,1381.41430000,1352.43220000,217,-6289,293710,False,STOP,5020,FILLED,2.00000000
2026-05-15,2026-05-18,2026-05-19,0.48650586,345.00350000,334.31870000,869,-9285,290714,False,STOP,7211,FILLED,3.00000000
2026-05-15,2026-05-18,2026-05-19,0.21209198,2979.89370000,3107.06760000,100,12717,312717,True,TIME,8306,FILLED,5.00000000
