ticker,market,industry
3633,スタンダード（内国株式）,情報・通信業
2984,スタンダード（内国株式）,不動産業
6150,スタンダード（内国株式）,機械
463A,スタンダード（内国株式）,不動産業
4091,プライム（内国株式）,化学
7198,プライム（内国株式）,その他金融業
6167,プライム（内国株式）,機械
3627,スタンダード（内国株式）,情報・通信業
7058,スタンダード（内国株式）,サービス業
6890,スタンダード（内国株式）,電気機器
2726,プライム（内国株式）,小売業
6955,スタンダード（内国株式）,電気機器
7615,スタンダード（内国株式）,小売業
2379,プライム（内国株式）,サービス業
4539,スタンダード（内国株式）,医薬品
2440,スタンダード（内国株式）,サービス業
3958,スタンダード（内国株式）,パルプ・紙
5724,スタンダード（内国株式）,非鉄金属
2120,プライム（内国株式）,サービス業
3696,プライム（内国株式）,情報・通信業
8771,プライム（内国株式）,その他金融業
211A,スタンダード（内国株式）,建設業
2736,スタンダード（内国株式）,小売業
6572,プライム（内国株式）,サービス業
6306,プライム（内国株式）,機械
5283,スタンダード（内国株式）,卸売業
8253,プライム（内国株式）,その他金融業
9686,スタンダード（内国株式）,サービス業
3683,スタンダード（内国株式）,情報・通信業
2384,プライム（内国株式）,陸運業
5871,スタンダード（内国株式）,サービス業
3969,スタンダード（内国株式）,情報・通信業
3686,スタンダード（内国株式）,情報・通信業
9720,スタンダード（内国株式）,サービス業
7416,スタンダード（内国株式）,小売業
3024,スタンダード（内国株式）,卸売業
9790,プライム（内国株式）,情報・通信業
8613,プライム（内国株式）,証券、商品先物取引業
5482,プライム（内国株式）,鉄鋼
7150,スタンダード（内国株式）,銀行業
4061,プライム（内国株式）,化学
4242,スタンダード（内国株式）,化学
9046,スタンダード（内国株式）,陸運業
8929,スタンダード（内国株式）,不動産業
9519,プライム（内国株式）,電気・ガス業
9716,プライム（内国株式）,サービス業
4512,スタンダード（内国株式）,医薬品
2221,スタンダード（内国株式）,食料品
1885,プライム（内国株式）,建設業
3148,プライム（内国株式）,小売業
9438,プライム（内国株式）,情報・通信業
9021,プライム（内国株式）,陸運業
6779,プライム（内国株式）,電気機器
5011,プライム（内国株式）,石油・石炭製品
1948,スタンダード（内国株式）,建設業
7477,スタンダード（内国株式）,卸売業
9691,スタンダード（内国株式）,情報・通信業
7744,プライム（内国株式）,精密機器
7595,プライム（内国株式）,情報・通信業
3908,スタンダード（内国株式）,情報・通信業
3996,スタンダード（内国株式）,情報・通信業
7637,プライム（内国株式）,卸売業
4064,プライム（内国株式）,化学
3839,スタンダード（内国株式）,情報・通信業
6662,スタンダード（内国株式）,電気機器
9351,スタンダード（内国株式）,倉庫・運輸関連業
6777,スタンダード（内国株式）,電気機器
7500,スタンダード（内国株式）,卸売業
4765,プライム（内国株式）,サービス業
2315,スタンダード（内国株式）,情報・通信業
2993,スタンダード（内国株式）,不動産業
1980,プライム（内国株式）,建設業
9380,スタンダード（内国株式）,倉庫・運輸関連業
6869,プライム（内国株式）,電気機器
3103,スタンダード（内国株式）,繊維製品
7821,プライム（内国株式）,その他製品
9036,スタンダード（内国株式）,陸運業
8848,プライム（内国株式）,不動産業
7413,スタンダード（内国株式）,卸売業
4626,プライム（内国株式）,化学
1438,スタンダード（内国株式）,建設業
7447,プライム（内国株式）,卸売業
4112,プライム（内国株式）,化学
7815,スタンダード（内国株式）,その他製品
6823,プライム（内国株式）,電気機器
2212,プライム（内国株式）,食料品
8707,プライム（内国株式）,証券、商品先物取引業
3694,プライム（内国株式）,情報・通信業
2931,プライム（内国株式）,食料品
6763,プライム（内国株式）,電気機器
3844,プライム（内国株式）,情報・通信業
6392,スタンダード（内国株式）,機械
1945,プライム（内国株式）,建設業
3431,プライム（内国株式）,金属製品
4667,スタンダード（内国株式）,情報・通信業
4681,プライム（内国株式）,サービス業
9302,プライム（内国株式）,倉庫・運輸関連業
9539,スタンダード（内国株式）,電気・ガス業
7189,プライム（内国株式）,銀行業
3660,プライム（内国株式）,情報・通信業
4471,プライム（内国株式）,化学
3842,スタンダード（内国株式）,情報・通信業
8151,プライム（内国株式）,卸売業
8715,プライム（内国株式）,保険業
5911,プライム（内国株式）,金属製品
8022,プライム（内国株式）,その他製品
7609,プライム（内国株式）,卸売業
7614,スタンダード（内国株式）,小売業
2127,プライム（内国株式）,サービス業
5703,プライム（内国株式）,非鉄金属
6566,スタンダード（内国株式）,サービス業
7244,プライム（内国株式）,電気機器
262A,プライム（内国株式）,小売業
5187,スタンダード（内国株式）,精密機器
8157,プライム（内国株式）,情報・通信業
2307,プライム（内国株式）,情報・通信業
4410,プライム（内国株式）,化学
3059,スタンダード（内国株式）,小売業
5966,スタンダード（内国株式）,金属製品
3409,スタンダード（内国株式）,繊維製品
7384,プライム（内国株式）,銀行業
3823,スタンダード（内国株式）,情報・通信業
9603,プライム（内国株式）,サービス業
7034,プライム（内国株式）,サービス業
7167,プライム（内国株式）,銀行業
2999,スタンダード（内国株式）,不動産業
7480,スタンダード（内国株式）,卸売業
4565,プライム（内国株式）,医薬品
7670,スタンダード（内国株式）,卸売業
1997,スタンダード（内国株式）,建設業
6276,スタンダード（内国株式）,電気機器
7607,プライム（内国株式）,卸売業
2229,プライム（内国株式）,食料品
4886,プライム（内国株式）,医薬品
5194,スタンダード（内国株式）,ゴム製品
9982,スタンダード（内国株式）,卸売業
6730,スタンダード（内国株式）,電気機器
4826,プライム（内国株式）,情報・通信業
6151,プライム（内国株式）,機械
1972,スタンダード（内国株式）,建設業
3903,プライム（内国株式）,情報・通信業
6932,スタンダード（内国株式）,電気機器
6144,スタンダード（内国株式）,機械
2330,スタンダード（内国株式）,情報・通信業
3841,スタンダード（内国株式）,情報・通信業
6233,スタンダード（内国株式）,機械
6819,スタンダード（内国株式）,サービス業
4569,プライム（内国株式）,医薬品
8558,プライム（内国株式）,銀行業
9622,プライム（内国株式）,サービス業
2498,スタンダード（内国株式）,サービス業
2296,プライム（内国株式）,食料品
3157,スタンダード（内国株式）,卸売業
4118,プライム（内国株式）,化学
7810,スタンダード（内国株式）,その他製品
3947,スタンダード（内国株式）,パルプ・紙
3417,スタンダード（内国株式）,卸売業
7509,スタンダード（内国株式）,小売業
7527,スタンダード（内国株式）,情報・通信業
7192,スタンダード（内国株式）,その他金融業
6016,スタンダード（内国株式）,輸送用機器
6769,スタンダード（内国株式）,電気機器
3034,プライム（内国株式）,小売業
6465,プライム（内国株式）,機械
6776,スタンダード（内国株式）,化学
8346,プライム（内国株式）,銀行業
9445,スタンダード（内国株式）,情報・通信業
6061,スタンダード（内国株式）,サービス業
8115,スタンダード（内国株式）,卸売業
8242,プライム（内国株式）,小売業
5803,プライム（内国株式）,非鉄金属
7949,プライム（内国株式）,その他製品
7721,プライム（内国株式）,精密機器
6463,プライム（内国株式）,機械
3482,プライム（内国株式）,不動産業
2796,スタンダード（内国株式）,小売業
1897,スタンダード（内国株式）,建設業
6877,スタンダード（内国株式）,電気機器
6090,スタンダード（内国株式）,サービス業
8015,プライム（内国株式）,卸売業
8522,プライム（内国株式）,銀行業
1808,プライム（内国株式）,建設業
9733,スタンダード（内国株式）,サービス業
4452,プライム（内国株式）,化学
6806,プライム（内国株式）,電気機器
9273,プライム（内国株式）,卸売業
8362,プライム（内国株式）,銀行業
8152,スタンダード（内国株式）,卸売業
8129,プライム（内国株式）,卸売業
1301,プライム（内国株式）,水産・農林業
4392,プライム（内国株式）,情報・通信業
1418,スタンダード（内国株式）,建設業
4755,プライム（内国株式）,サービス業
6543,スタンダード（内国株式）,サービス業
2108,プライム（内国株式）,食料品
4777,スタンダード（内国株式）,情報・通信業
3954,スタンダード（内国株式）,パルプ・紙
7893,プライム（内国株式）,その他製品
6656,スタンダード（内国株式）,電気機器
7795,スタンダード（内国株式）,その他製品
7222,スタンダード（内国株式）,輸送用機器
6113,プライム（内国株式）,機械
6361,プライム（内国株式）,機械
2790,スタンダード（内国株式）,小売業
9347,プライム（内国株式）,サービス業
3538,スタンダード（内国株式）,小売業
6929,プライム（内国株式）,電気機器
7713,スタンダード（内国株式）,精密機器
4752,スタンダード（内国株式）,情報・通信業
3981,スタンダード（内国株式）,情報・通信業
8364,プライム（内国株式）,銀行業
1979,プライム（内国株式）,建設業
6037,スタンダード（内国株式）,サービス業
4208,プライム（内国株式）,化学
7354,スタンダード（内国株式）,サービス業
5351,プライム（内国株式）,ガラス・土石製品
5021,プライム（内国株式）,石油・石炭製品
8927,スタンダード（内国株式）,不動産業
8136,プライム（内国株式）,卸売業
4623,スタンダード（内国株式）,化学
6564,プライム（内国株式）,サービス業
6269,プライム（内国株式）,機械
4188,プライム（内国株式）,化学
5741,プライム（内国株式）,非鉄金属
3513,スタンダード（内国株式）,繊維製品
9856,スタンダード（内国株式）,小売業
6849,プライム（内国株式）,電気機器
7208,スタンダード（内国株式）,輸送用機器
9755,プライム（内国株式）,サービス業
5830,プライム（内国株式）,銀行業
7616,プライム（内国株式）,小売業
7087,スタンダード（内国株式）,サービス業
2673,スタンダード（内国株式）,小売業
3840,スタンダード（内国株式）,情報・通信業
6659,スタンダード（内国株式）,電気機器
9308,スタンダード（内国株式）,海運業
7065,スタンダード（内国株式）,サービス業
9367,スタンダード（内国株式）,倉庫・運輸関連業
8276,プライム（内国株式）,小売業
2493,スタンダード（内国株式）,サービス業
9001,プライム（内国株式）,陸運業
8591,プライム（内国株式）,その他金融業
2664,プライム（内国株式）,小売業
2475,プライム（内国株式）,サービス業
2436,スタンダード（内国株式）,サービス業
4549,プライム（内国株式）,医薬品
3174,スタンダード（内国株式）,小売業
8020,プライム（内国株式）,卸売業
7199,プライム（内国株式）,その他金融業
8616,プライム（内国株式）,証券、商品先物取引業
3816,スタンダード（内国株式）,情報・通信業
7261,プライム（内国株式）,輸送用機器
9845,スタンダード（内国株式）,化学
7366,プライム（内国株式）,サービス業
6701,プライム（内国株式）,電気機器
6912,スタンダード（内国株式）,電気機器
2206,プライム（内国株式）,食料品
2669,スタンダード（内国株式）,小売業
6138,スタンダード（内国株式）,機械
7435,スタンダード（内国株式）,卸売業
3475,プライム（内国株式）,不動産業
4240,スタンダード（内国株式）,化学
2798,スタンダード（内国株式）,小売業
9902,プライム（内国株式）,卸売業
6736,スタンダード（内国株式）,電気機器
3580,プライム（内国株式）,繊維製品
2932,スタンダード（内国株式）,食料品
2488,スタンダード（内国株式）,サービス業
7246,プライム（内国株式）,輸送用機器
7857,スタンダード（内国株式）,その他製品
7129,スタンダード（内国株式）,小売業
9830,プライム（内国株式）,卸売業
8596,スタンダード（内国株式）,その他金融業
3920,スタンダード（内国株式）,情報・通信業
7643,スタンダード（内国株式）,小売業
8908,スタンダード（内国株式）,不動産業
6775,スタンダード（内国株式）,電気機器
8742,スタンダード（内国株式）,証券、商品先物取引業
4503,プライム（内国株式）,医薬品
7599,プライム（内国株式）,卸売業
8377,プライム（内国株式）,銀行業
6189,スタンダード（内国株式）,サービス業
7679,プライム（内国株式）,小売業
3769,プライム（内国株式）,情報・通信業
7628,プライム（内国株式）,卸売業
4902,プライム（内国株式）,電気機器
7224,プライム（内国株式）,輸送用機器
4434,スタンダード（内国株式）,情報・通信業
9466,スタンダード（内国株式）,情報・通信業
2480,スタンダード（内国株式）,情報・通信業
9514,スタンダード（内国株式）,電気・ガス業
7565,スタンダード（内国株式）,卸売業
6863,スタンダード（内国株式）,電気機器
2156,スタンダード（内国株式）,サービス業
8104,スタンダード（内国株式）,卸売業
9602,プライム（内国株式）,情報・通信業
5121,プライム（内国株式）,ゴム製品
4768,プライム（内国株式）,情報・通信業
3577,スタンダード（内国株式）,繊維製品
9404,プライム（内国株式）,情報・通信業
